first_name,last_name,email,gender,
Merry,MacKettrick,mmackettrick0@latimes.com,Male,
Calla,Truin,ctruin1@surveymonkey.com,Female,
Tobiah,Cattlow,tcattlow2@oaic.gov.au,Male,
Budd,Balwin,bbalwin3@networksolutions.com,Male,
Cornela,Braid,cbraid4@quantcast.com,Female,
Angel,Arthan,aarthan5@gov.uk,Female,
Horatio,Chestnutt,hchestnutt6@npr.org,Male,
Alford,Evans,aevans7@ca.gov,Male,
Eberhard,Bartholomaus,ebartholomaus8@weibo.com,Male,
Pauline,Albon,palbon9@amazon.de,Female,
Whitby,Pentlow,wpentlowa@hatena.ne.jp,Male,
Kathie,Sabban,ksabbanb@narod.ru,Female,
Merissa,Berntssen,mberntssenc@simplemachines.org,Female,
Raina,Northgraves,rnorthgravesd@uol.com.br,Female,
Aymer,Bennedick,abennedicke@archive.org,Male,
Bucky,MacCumeskey,bmaccumeskeyf@topsy.com,Male,
Alfonse,Bruyet,abruyetg@usnews.com,Male,
Darrick,Gildroy,dgildroyh@opensource.org,Male,
Caritta,Risdale,crisdalei@weebly.com,Female,
Alexi,Cumberland,acumberlandj@acquirethisname.com,Female,
Clywd,Jerrans,cjerransk@about.com,Male,
Aimee,MacLise,amaclisel@answers.com,Female,
Hermon,Dullard,hdullardm@simplemachines.org,Male,
Lorelle,McCaughen,lmccaughenn@pbs.org,Female,
Burgess,Ghiotto,bghiottoo@mtv.com,Male,
Hollyanne,Stetlye,hstetlyep@hud.gov,Female,
Mycah,Bentz,mbentzq@about.com,Male,
Noreen,Auchinleck,nauchinleckr@vk.com,Female,
Jacqueline,McNab,jmcnabs@wordpress.com,Female,
Thorvald,Dello,tdellot@photobucket.com,Male,
Nolie,Duckworth,nduckworthu@deliciousdays.com,Female,
Wilhelmina,Follos,wfollosv@alibaba.com,Female,
Stevy,Dommett,sdommettw@yale.edu,Male,
Burnaby,Lerer,blererx@prweb.com,Male,
Isidore,Le Guin,ileguiny@devhub.com,Male,
Jenna,Leicester,jleicesterz@addthis.com,Female,
Milzie,Sleightholme,msleightholme10@sun.com,Female,
Janeen,Bewlie,jbewlie11@alibaba.com,Female,
Dulci,Flanaghan,dflanaghan12@squidoo.com,Female,
Jule,Pepall,jpepall13@t.co,Male,
Jordan,Snalom,jsnalom14@geocities.com,Female,
Britteny,Lethieulier,blethieulier15@fda.gov,Female,
Karita,Rigby,krigby16@microsoft.com,Female,
Beth,Chaudron,bchaudron17@apache.org,Female,
Marty,Rochester,mrochester18@ebay.com,Female,
Eward,Van Der Weedenburg,evanderweedenburg19@epa.gov,Male,
Gertrudis,Dunks,gdunks1a@noaa.gov,Female,
Lenore,Southerton,lsoutherton1b@macromedia.com,Female,
Adoree,Fone,afone1c@storify.com,Female,
Estevan,Stamp,estamp1d@google.com,Male,
Ettore,Brettell,ebrettell1e@paginegialle.it,Male,
Porty,Murty,pmurty1f@chron.com,Male,
Morly,Massei,mmassei1g@wsj.com,Male,
Raffaello,Perris,rperris1h@tamu.edu,Male,
Purcell,Looney,plooney1i@symantec.com,Male,
Derk,Cowoppe,dcowoppe1j@purevolume.com,Male,
Noah,Free,nfree1k@mapy.cz,Male,
Jarad,Gainforth,jgainforth1l@cbsnews.com,Male,
Sophey,Hutten,shutten1m@lycos.com,Female,
Ludovico,Portwaine,lportwaine1n@4shared.com,Male,
Nevsa,Woodyear,nwoodyear1o@wikimedia.org,Female,
Aggy,Kynge,akynge1p@shinystat.com,Female,
Chad,Coatts,ccoatts1q@comcast.net,Female,
Orrin,O'Looney,oolooney1r@google.fr,Male,
Mitchael,Offill,moffill1s@acquirethisname.com,Male,
Dilly,Leyninye,dleyninye1t@behance.net,Male,
Clarice,Bein,cbein1u@i2i.jp,Female,
Cristie,Meffin,cmeffin1v@mapquest.com,Female,
Hedda,Chalder,hchalder1w@123-reg.co.uk,Female,
Jonah,Binny,jbinny1x@wunderground.com,Male,
Maurine,Payfoot,mpayfoot1y@youku.com,Female,
Yule,Pratchett,ypratchett1z@bloglines.com,Male,
Coriss,Moss,cmoss20@arstechnica.com,Female,
Janeen,Dandie,jdandie21@uiuc.edu,Female,
Shea,Kumar,skumar22@freewebs.com,Female,
Evangelina,Jeaffreson,ejeaffreson23@clickbank.net,Female,
Gradeigh,Rustich,grustich24@mtv.com,Male,
Philip,Santorini,psantorini25@wix.com,Male,
Rubetta,McOnie,rmconie26@state.gov,Female,
Gannon,Trenear,gtrenear27@i2i.jp,Male,
Marcella,Lillicrop,mlillicrop28@google.ca,Female,
Nels,Mackro,nmackro29@zimbio.com,Male,
Lanie,Bunnell,lbunnell2a@fda.gov,Male,
Jeffrey,Dunlop,jdunlop2b@intel.com,Male,
Lane,Backwell,lbackwell2c@globo.com,Male,
Andie,Enever,aenever2d@china.com.cn,Male,
Creigh,Basile,cbasile2e@t-online.de,Male,
Alicea,Swinfen,aswinfen2f@harvard.edu,Female,
Ardelis,Dayes,adayes2g@w3.org,Female,
Dorthea,Bulmer,dbulmer2h@sakura.ne.jp,Female,
Patti,Winsley,pwinsley2i@sitemeter.com,Female,
Elwyn,Bucknall,ebucknall2j@amazon.de,Male,
Shelia,Baine,sbaine2k@tinypic.com,Female,
Devora,Crumpton,dcrumpton2l@oakley.com,Female,
Cate,Whitney,cwhitney2m@bandcamp.com,Female,
Minetta,Gosnell,mgosnell2n@acquirethisname.com,Female,
Averyl,Dumphy,adumphy2o@hao123.com,Female,
Kienan,Hollidge,khollidge2p@cbslocal.com,Male,
Isidora,Malin,imalin2q@walmart.com,Female,
Sande,Sneezem,ssneezem2r@mail.ru,Female,
Anton,Faccini,afaccini2s@imdb.com,Male,
Deena,Boon,dboon2t@blogs.com,Female,
Damaris,Deaton,ddeaton2u@phoca.cz,Female,
Trefor,Wagge,twagge2v@arizona.edu,Male,
Cchaddie,Lumly,clumly2w@paypal.com,Male,
Meade,Dosdale,mdosdale2x@jiathis.com,Female,
Oralee,Farron,ofarron2y@flickr.com,Female,
Kermit,Wilbraham,kwilbraham2z@samsung.com,Male,
Luis,Hauch,lhauch30@stumbleupon.com,Male,
Shannon,Wildes,swildes31@imdb.com,Female,
Brittne,Stonehewer,bstonehewer32@mapy.cz,Female,
Marc,Fluin,mfluin33@weibo.com,Male,
Rance,Hullett,rhullett34@nsw.gov.au,Male,
Juliette,Gerriets,jgerriets35@arizona.edu,Female,
Janina,Wortley,jwortley36@tumblr.com,Female,
Friederike,Caird,fcaird37@slashdot.org,Female,
Jeanine,Mixworthy,jmixworthy38@addtoany.com,Female,
Antonetta,Melville,amelville39@theglobeandmail.com,Female,
Estel,Fright,efright3a@behance.net,Female,
Erwin,Kirvell,ekirvell3b@irs.gov,Male,
Florenza,Welden,fwelden3c@time.com,Female,
Michal,Ringham,mringham3d@wordpress.org,Female,
Monika,Hovenden,mhovenden3e@unblog.fr,Female,
Wally,Novak,wnovak3f@list-manage.com,Male,
Milicent,Eyeington,meyeington3g@xrea.com,Female,
Tris,Eldershaw,teldershaw3h@ibm.com,Male,
Vaughan,Axtens,vaxtens3i@home.pl,Male,
Dominique,Cantos,dcantos3j@mapy.cz,Female,
Artie,Doyle,adoyle3k@phpbb.com,Male,
Marybelle,Jorissen,mjorissen3l@cnbc.com,Female,
Corissa,Dymidowicz,cdymidowicz3m@wix.com,Female,
Damiano,Gorrick,dgorrick3n@narod.ru,Male,
Lionel,Teasdale,lteasdale3o@paginegialle.it,Male,
Arvie,Skally,askally3p@usda.gov,Male,
Bonny,Viger,bviger3q@gnu.org,Female,
Nady,Ajam,najam3r@ning.com,Female,
Wilmar,Whatman,wwhatman3s@adobe.com,Male,
Arch,Maddocks,amaddocks3t@loc.gov,Male,
Austina,Brompton,abrompton3u@facebook.com,Female,
Phillipe,Trever,ptrever3v@ebay.com,Male,
Eduino,Shilburne,eshilburne3w@businesswire.com,Male,
Yvonne,Canero,ycanero3x@istockphoto.com,Female,
Rolf,Piggin,rpiggin3y@biblegateway.com,Male,
Crawford,Dmtrovic,cdmtrovic3z@tumblr.com,Male,
Rosabelle,Kilmary,rkilmary40@reference.com,Female,
Maribel,Denisevich,mdenisevich41@oaic.gov.au,Female,
Felice,Domokos,fdomokos42@ameblo.jp,Male,
Kriste,Klaaasen,kklaaasen43@geocities.jp,Female,
Tore,Delf,tdelf44@deliciousdays.com,Male,
Nora,Asson,nasson45@illinois.edu,Female,
Sawyere,McGriffin,smcgriffin46@desdev.cn,Male,
Jeniffer,Handaside,jhandaside47@csmonitor.com,Female,
Bellanca,Wiper,bwiper48@google.com.hk,Female,
Olag,Padginton,opadginton49@typepad.com,Male,
Tiffany,Sherborne,tsherborne4a@flavors.me,Female,
Jeniece,Woodley,jwoodley4b@accuweather.com,Female,
Lloyd,Gomersall,lgomersall4c@wufoo.com,Male,
Shawn,Kroger,skroger4d@washingtonpost.com,Female,
Eleen,Fleay,efleay4e@feedburner.com,Female,
Nola,Blose,nblose4f@census.gov,Female,
Daren,Fort,dfort4g@mediafire.com,Male,
Rayshell,Piet,rpiet4h@amazon.co.uk,Female,
Marijn,Stygall,mstygall4i@wunderground.com,Male,
Filip,Wyllt,fwyllt4j@photobucket.com,Male,
Julio,Martlew,jmartlew4k@engadget.com,Male,
Ado,Nickolls,anickolls4l@networkadvertising.org,Male,
Bjorn,Clutterbuck,bclutterbuck4m@theguardian.com,Male,
Marcel,Aronow,maronow4n@over-blog.com,Male,
Izzy,Sillito,isillito4o@indiegogo.com,Male,
Thorin,McCathie,tmccathie4p@yale.edu,Male,
Bone,Wheater,bwheater4q@businesswire.com,Male,
Yard,Frill,yfrill4r@prlog.org,Male,
Germayne,Brundill,gbrundill4s@squarespace.com,Male,
Garrik,Madgwich,gmadgwich4t@mtv.com,Male,
Reade,Merrgan,rmerrgan4u@squidoo.com,Male,
Haley,Saban,hsaban4v@goo.gl,Male,
Ardine,Dawidowitsch,adawidowitsch4w@aboutads.info,Female,
Randal,Tippett,rtippett4x@vinaora.com,Male,
Weylin,Winley,wwinley4y@ibm.com,Male,
Griff,Eick,geick4z@zdnet.com,Male,
Charo,Pressnell,cpressnell50@amazonaws.com,Female,
Bartram,Trebble,btrebble51@i2i.jp,Male,
Derwin,Sleigh,dsleigh52@mozilla.com,Male,
Amelia,Calderbank,acalderbank53@oracle.com,Female,
Harbert,Biermatowicz,hbiermatowicz54@about.me,Male,
Neils,Gretton,ngretton55@studiopress.com,Male,
Tyson,Stollsteiner,tstollsteiner56@cocolog-nifty.com,Male,
Anders,Bortolussi,abortolussi57@netvibes.com,Male,
Bruis,Dowrey,bdowrey58@ca.gov,Male,
Noell,Gurney,ngurney59@sphinn.com,Female,
Gerhardt,McEnteggart,gmcenteggart5a@washingtonpost.com,Male,
Wini,Esmead,wesmead5b@amazon.com,Female,
Louisa,Treeby,ltreeby5c@trellian.com,Female,
Skell,Pimlett,spimlett5d@mail.ru,Male,
Ame,Offiler,aoffiler5e@symantec.com,Female,
Richard,Bare,rbare5f@histats.com,Male,
Kellie,Patria,kpatria5g@networksolutions.com,Female,
Norbie,Gramer,ngramer5h@mac.com,Male,
Francis,Constanza,fconstanza5i@miitbeian.gov.cn,Male,
Vivien,Graysmark,vgraysmark5j@weebly.com,Female,
Marcille,Paunsford,mpaunsford5k@admin.ch,Female,
Goddard,Marlowe,gmarlowe5l@mail.ru,Male,
Maryjo,Petris,mpetris5m@wunderground.com,Female,
Jerrie,Doddemeede,jdoddemeede5n@oracle.com,Female,
Licha,Goulter,lgoulter5o@discuz.net,Female,
Fay,Vennart,fvennart5p@over-blog.com,Female,
Mignonne,Nobriga,mnobriga5q@jiathis.com,Female,
Noll,Geerdts,ngeerdts5r@facebook.com,Male,
Bendick,Keune,bkeune5s@businessweek.com,Male,
Olivie,Hartegan,ohartegan5t@indiatimes.com,Female,
Winston,Tawn,wtawn5u@salon.com,Male,
Janine,Moorhead,jmoorhead5v@cnn.com,Female,
Camilla,Tilliards,ctilliards5w@tinypic.com,Female,
Bancroft,Charrington,bcharrington5x@dot.gov,Male,
Rollin,Camber,rcamber5y@nydailynews.com,Male,
Christin,Feitosa,cfeitosa5z@ask.com,Female,
Noland,Elsworth,nelsworth60@so-net.ne.jp,Male,
Torre,Coyett,tcoyett61@cyberchimps.com,Male,
Merissa,Geeraert,mgeeraert62@nhs.uk,Female,
Caril,Clever,cclever63@baidu.com,Female,
Henriette,Laurenz,hlaurenz64@weebly.com,Female,
Yehudit,MacTeggart,ymacteggart65@spiegel.de,Male,
Artair,Radoux,aradoux66@vk.com,Male,
Alana,Pinnigar,apinnigar67@ehow.com,Female,
Liesa,Dingate,ldingate68@virginia.edu,Female,
Dredi,Franck,dfranck69@4shared.com,Female,
Phillip,Kerins,pkerins6a@senate.gov,Male,
Selina,Kilmaster,skilmaster6b@fc2.com,Female,
Meredithe,Gianetti,mgianetti6c@digg.com,Female,
Armstrong,Turbill,aturbill6d@printfriendly.com,Male,
Veronica,Bachanski,vbachanski6e@tuttocitta.it,Female,
Grayce,Peregrine,gperegrine6f@yellowbook.com,Female,
Orsola,Bartosch,obartosch6g@huffingtonpost.com,Female,
Kay,Thurlby,kthurlby6h@goodreads.com,Female,
Nichol,Pasmore,npasmore6i@baidu.com,Female,
Durante,Peirce,dpeirce6j@quantcast.com,Male,
Tomkin,Farr,tfarr6k@amazon.co.jp,Male,
Rodney,Billborough,rbillborough6l@google.co.uk,Male,
Cristabel,Gowing,cgowing6m@dropbox.com,Female,
Renata,Millican,rmillican6n@google.com.br,Female,
Penelopa,Bromby,pbromby6o@domainmarket.com,Female,
Cara,Solano,csolano6p@flavors.me,Female,
Darryl,Gripton,dgripton6q@homestead.com,Female,
Katlin,Siggens,ksiggens6r@opera.com,Female,
Stuart,Whistance,swhistance6s@adobe.com,Male,
Tristan,Mathewson,tmathewson6t@php.net,Male,
Halette,De Beauchamp,hdebeauchamp6u@yellowbook.com,Female,
Anderea,Walley,awalley6v@slashdot.org,Female,
Lizabeth,Baumer,lbaumer6w@bizjournals.com,Female,
Solly,Hadlee,shadlee6x@dyndns.org,Male,
Letta,Bartolomeoni,lbartolomeoni6y@comsenz.com,Female,
Gertrudis,Cloonan,gcloonan6z@guardian.co.uk,Female,
Lynna,Dufaire,ldufaire70@ycombinator.com,Female,
Wanda,Folley,wfolley71@gmpg.org,Female,
Welbie,Gadsby,wgadsby72@netlog.com,Male,
Merry,Sherrett,msherrett73@dot.gov,Male,
Devon,Tukesby,dtukesby74@yahoo.com,Female,
Marylee,Blackway,mblackway75@deviantart.com,Female,
Alma,Maunder,amaunder76@zimbio.com,Female,
Charlie,Ghidelli,cghidelli77@networkadvertising.org,Male,
Gaston,Accomb,gaccomb78@dion.ne.jp,Male,
Leontyne,Ebbitt,lebbitt79@cdc.gov,Female,
Grange,Garlic,ggarlic7a@tinyurl.com,Male,
Hyacinth,Primmer,hprimmer7b@marketwatch.com,Female,
Sherlocke,Duckerin,sduckerin7c@vinaora.com,Male,
Coleman,Charteris,ccharteris7d@shutterfly.com,Male,
Nessa,Matyushenko,nmatyushenko7e@comcast.net,Female,
Brendon,Rupke,brupke7f@youtu.be,Male,
Agneta,Verrechia,averrechia7g@foxnews.com,Female,
Marc,Eckels,meckels7h@networksolutions.com,Male,
Franklin,Urry,furry7i@slideshare.net,Male,
Mignon,Barrus,mbarrus7j@sohu.com,Female,
Kipp,Nelane,knelane7k@yelp.com,Female,
Noell,Winram,nwinram7l@topsy.com,Female,
Haley,Acey,hacey7m@wiley.com,Male,
Marmaduke,Shoppee,mshoppee7n@ask.com,Male,
Markos,Cradoc,mcradoc7o@amazon.co.jp,Male,
Regan,Jacquemot,rjacquemot7p@nationalgeographic.com,Male,
Jeni,Matissoff,jmatissoff7q@microsoft.com,Female,
Hercule,Brozsset,hbrozsset7r@live.com,Male,
Rivalee,Sutherns,rsutherns7s@ask.com,Female,
Brittaney,Medforth,bmedforth7t@wikimedia.org,Female,
Bert,Gelly,bgelly7u@technorati.com,Female,
Tim,Rabidge,trabidge7v@google.com.hk,Female,
Viv,Ortler,vortler7w@studiopress.com,Female,
Alane,Beaby,abeaby7x@japanpost.jp,Female,
Jonah,Seedull,jseedull7y@phpbb.com,Male,
Holli,Tricker,htricker7z@omniture.com,Female,
Yankee,Richard,yrichard80@elpais.com,Male,
Michelina,Sleney,msleney81@eepurl.com,Female,
Babara,Iacobini,biacobini82@google.nl,Female,
Vasilis,Witterick,vwitterick83@marketwatch.com,Male,
Doro,Rubinsaft,drubinsaft84@wikipedia.org,Female,
Latrina,Hlavac,lhlavac85@newyorker.com,Female,
Genvieve,Lanceter,glanceter86@mashable.com,Female,
Berta,Balharry,bbalharry87@nbcnews.com,Female,
Tallie,Pagen,tpagen88@a8.net,Male,
Harriott,Baggally,hbaggally89@amazon.co.jp,Female,
Jonis,Scroggins,jscroggins8a@kickstarter.com,Female,
Griffin,McIlwrath,gmcilwrath8b@360.cn,Male,
Florry,Benit,fbenit8c@bbb.org,Female,
Quent,Frantzen,qfrantzen8d@amazon.de,Male,
Ginger,Shower,gshower8e@jalbum.net,Female,
Lorant,Hiner,lhiner8f@unesco.org,Male,
Hunfredo,Dowse,hdowse8g@creativecommons.org,Male,
Griz,Gawn,ggawn8h@google.com.au,Male,
Dynah,Alyokhin,dalyokhin8i@unesco.org,Female,
Page,Nathan,pnathan8j@princeton.edu,Male,
Dani,Gottschalk,dgottschalk8k@shutterfly.com,Male,
Christine,Perkinson,cperkinson8l@seesaa.net,Female,
Robin,Breen,rbreen8m@angelfire.com,Male,
Cross,Giffen,cgiffen8n@devhub.com,Male,
Kenn,Bromilow,kbromilow8o@cafepress.com,Male,
Gayle,Gerritzen,ggerritzen8p@liveinternet.ru,Male,
Charmion,Woolpert,cwoolpert8q@newsvine.com,Female,
Willie,Hazeup,whazeup8r@telegraph.co.uk,Female,
Giavani,Earthfield,gearthfield8s@nih.gov,Male,
Lanie,MacAleese,lmacaleese8t@thetimes.co.uk,Female,
Stefa,Chinery,schinery8u@sun.com,Female,
Hettie,Cockroft,hcockroft8v@webnode.com,Female,
Rudolfo,Sowley,rsowley8w@narod.ru,Male,
Dian,MacCard,dmaccard8x@chronoengine.com,Female,
Mufi,Dows,mdows8y@gravatar.com,Female,
Stevana,Bimson,sbimson8z@smh.com.au,Female,
Leona,Von Welden,lvonwelden90@hatena.ne.jp,Female,
Josephina,Vivyan,jvivyan91@mac.com,Female,
Flore,Devaney,fdevaney92@123-reg.co.uk,Female,
Donni,Keen,dkeen93@imgur.com,Female,
Klement,Redwin,kredwin94@cnbc.com,Male,
Isidor,Ulyet,iulyet95@mlb.com,Male,
Hilario,Matiebe,hmatiebe96@networkadvertising.org,Male,
Tanhya,Mattaus,tmattaus97@squarespace.com,Female,
Jesse,Leaton,jleaton98@nsw.gov.au,Female,
Fern,Pieter,fpieter99@instagram.com,Female,
Annadiana,Machin,amachin9a@phoca.cz,Female,
Ariela,Quilliam,aquilliam9b@opera.com,Female,
Fabien,Philippard,fphilippard9c@w3.org,Male,
Dolph,Eplate,deplate9d@plala.or.jp,Male,
Sybil,Tocqueville,stocqueville9e@mozilla.com,Female,
Joel,Quarrington,jquarrington9f@surveymonkey.com,Male,
Wayland,Hurleston,whurleston9g@imageshack.us,Male,
Pen,Scotting,pscotting9h@vistaprint.com,Male,
Orsola,Gorries,ogorries9i@taobao.com,Female,
Idaline,Antic,iantic9j@sogou.com,Female,
Madelaine,Jodlowski,mjodlowski9k@google.com.hk,Female,
Frayda,Imlock,fimlock9l@loc.gov,Female,
Ardis,Pounsett,apounsett9m@sun.com,Female,
Magdalene,Garshore,mgarshore9n@google.ru,Female,
Jessamine,Coatman,jcoatman9o@blogs.com,Female,
Starr,Ranscomb,sranscomb9p@stanford.edu,Female,
Wilden,Rudolfer,wrudolfer9q@bing.com,Male,
Jocko,Pyford,jpyford9r@homestead.com,Male,
Faina,Morriarty,fmorriarty9s@wufoo.com,Female,
Aleta,Connichie,aconnichie9t@state.tx.us,Female,
Candra,Proswell,cproswell9u@cbc.ca,Female,
Ardelia,Salvatore,asalvatore9v@prweb.com,Female,
Lauryn,Allawy,lallawy9w@behance.net,Female,
Gusti,Wrinch,gwrinch9x@geocities.jp,Female,
Martie,Catcheside,mcatcheside9y@360.cn,Female,
Hansiain,Discombe,hdiscombe9z@seesaa.net,Male,
Shayne,Wylam,swylama0@zimbio.com,Female,
Howie,MacClinton,hmacclintona1@weibo.com,Male,
Sasha,Rist,srista2@hp.com,Male,
Sam,Lowdyane,slowdyanea3@xrea.com,Male,
Tull,Farren,tfarrena4@vinaora.com,Male,
Prinz,Flaune,pflaunea5@jimdo.com,Male,
Tiffani,Segebrecht,tsegebrechta6@rediff.com,Female,
Deloris,Threadgall,dthreadgalla7@wired.com,Female,
Joby,Roussell,jroussella8@earthlink.net,Female,
Valeria,Strathman,vstrathmana9@economist.com,Female,
Delinda,Holliar,dholliaraa@tuttocitta.it,Female,
Devan,Noury,dnouryab@weebly.com,Female,
Dick,Grzelak,dgrzelakac@google.nl,Male,
Karena,Happel,khappelad@ibm.com,Female,
Fonz,Toy,ftoyae@g.co,Male,
Elia,Armitt,earmittaf@google.co.uk,Male,
Julian,Paddefield,jpaddefieldag@pinterest.com,Male,
Sherman,Chafney,schafneyah@kickstarter.com,Male,
Melba,De Giorgio,mdegiorgioai@accuweather.com,Female,
Tony,Forsdyke,tforsdykeaj@statcounter.com,Female,
Sayres,Blanckley,sblanckleyak@eventbrite.com,Male,
Gerome,Krink,gkrinkal@hatena.ne.jp,Male,
Roberta,Edscer,redsceram@noaa.gov,Female,
Shalom,Santry,ssantryan@bloomberg.com,Male,
Roman,Rawcliffe,rrawcliffeao@desdev.cn,Male,
Julie,McKyrrelly,jmckyrrellyap@symantec.com,Male,
Vanni,Brompton,vbromptonaq@mac.com,Female,
Tamar,Stairs,tstairsar@java.com,Female,
Raven,Burnand,rburnandas@clickbank.net,Female,
Lin,Warren,lwarrenat@senate.gov,Female,
Robbert,Galbreath,rgalbreathau@admin.ch,Male,
Edeline,Massimi,emassimiav@themeforest.net,Female,
Dean,Courtliff,dcourtliffaw@163.com,Male,
Alysia,Bagniuk,abagniukax@goo.gl,Female,
Halette,Amorine,hamorineay@shinystat.com,Female,
Irena,Groundwater,igroundwateraz@apache.org,Female,
Byrom,Cotilard,bcotilardb0@bluehost.com,Male,
Fiann,Preuvost,fpreuvostb1@ted.com,Female,
Theresina,Macklam,tmacklamb2@adobe.com,Female,
Garvin,Yanuk,gyanukb3@example.com,Male,
Rita,Wixey,rwixeyb4@tripod.com,Female,
Bobinette,Worling,bworlingb5@xrea.com,Female,
Ronni,Tombleson,rtomblesonb6@slideshare.net,Female,
Sutherland,Ruffler,srufflerb7@weibo.com,Male,
Dorie,D'Aeth,ddaethb8@mlb.com,Male,
Jabez,Hambly,jhamblyb9@army.mil,Male,
Hort,Batters,hbattersba@toplist.cz,Male,
Nonnah,O'Hallihane,nohallihanebb@etsy.com,Female,
Bliss,Brandes,bbrandesbc@yahoo.com,Female,
Shalne,Bruhnsen,sbruhnsenbd@businessinsider.com,Female,
Atlante,Valsler,avalslerbe@miibeian.gov.cn,Female,
Leticia,Batkin,lbatkinbf@nytimes.com,Female,
Elliot,Mewis,emewisbg@behance.net,Male,
Garrard,Crocetto,gcrocettobh@examiner.com,Male,
Risa,Haughian,rhaughianbi@engadget.com,Female,
Quill,Emmert,qemmertbj@mapquest.com,Male,
Grange,Asipenko,gasipenkobk@imageshack.us,Male,
Tiffi,Goodayle,tgoodaylebl@yahoo.com,Female,
Vivyan,Jirick,vjirickbm@bizjournals.com,Female,
Kelsey,McLaggan,kmclagganbn@amazon.co.jp,Female,
Myrtle,Darrington,mdarringtonbo@weather.com,Female,
Rici,Deroche,rderochebp@newyorker.com,Female,
Salli,Berni,sbernibq@boston.com,Female,
Corina,Drakard,cdrakardbr@deviantart.com,Female,
Ennis,Croizier,ecroizierbs@unc.edu,Male,
Hershel,Leppingwell,hleppingwellbt@macromedia.com,Male,
Patrice,MacKeig,pmackeigbu@4shared.com,Female,
Bryon,Birtles,bbirtlesbv@nifty.com,Male,
Brandtr,Priddy,bpriddybw@smh.com.au,Male,
Lilia,Tomblett,ltomblettbx@guardian.co.uk,Female,
Oberon,Biscomb,obiscombby@europa.eu,Male,
Brandi,Draye,bdrayebz@earthlink.net,Female,
Alyda,Orans,aoransc0@multiply.com,Female,
Christos,Wych,cwychc1@howstuffworks.com,Male,
Doria,Sterry,dsterryc2@google.com.br,Female,
Delores,Gilliat,dgilliatc3@woothemes.com,Female,
Eloisa,Plewman,eplewmanc4@ow.ly,Female,
Dill,Boshers,dboshersc5@hubpages.com,Male,
Forrester,Baumadier,fbaumadierc6@addtoany.com,Male,
Garrick,Bisset,gbissetc7@google.co.uk,Male,
Alfreda,Pote,apotec8@tumblr.com,Female,
Shirlee,O'Dare,sodarec9@gov.uk,Female,
Baird,Mcmanaman,bmcmanamanca@wordpress.com,Male,
Urbanus,Scholard,uscholardcb@fotki.com,Male,
Tome,Rivelon,triveloncc@nifty.com,Male,
Daniele,Luttger,dluttgercd@godaddy.com,Female,
Cull,Pllu,cplluce@japanpost.jp,Male,
Ewell,Chellam,echellamcf@un.org,Male,
Jory,Dooler,jdoolercg@imageshack.us,Male,
Rowland,Howen,rhowench@dropbox.com,Male,
Curt,Spurgeon,cspurgeonci@addtoany.com,Male,
Carrissa,Chattoe,cchattoecj@jalbum.net,Female,
Merwin,Rickerby,mrickerbyck@imageshack.us,Male,
Fawnia,McBeth,fmcbethcl@mayoclinic.com,Female,
Bogart,Ridler,bridlercm@pbs.org,Male,
Zachary,Tomisch,ztomischcn@twitter.com,Male,
Justinn,Playford,jplayfordco@irs.gov,Female,
Lolita,Wardingley,lwardingleycp@mtv.com,Female,
Madeleine,Ovens,movenscq@jugem.jp,Female,
Vic,Skace,vskacecr@simplemachines.org,Male,
Bradan,McAlees,bmcaleescs@cdc.gov,Male,
Gavra,Greveson,ggrevesonct@smh.com.au,Female,
Bryana,Aggis,baggiscu@w3.org,Female,
Ariela,Jennison,ajennisoncv@answers.com,Female,
Maje,Aylmore,maylmorecw@hugedomains.com,Male,
Karry,Nayer,knayercx@t.co,Female,
Aline,Edison,aedisoncy@chicagotribune.com,Female,
Halley,Nary,hnarycz@kickstarter.com,Female,
Aveline,Fossick,afossickd0@elpais.com,Female,
Lula,Coy,lcoyd1@reference.com,Female,
Martynne,Wrey,mwreyd2@miibeian.gov.cn,Female,
Ardith,Wrennall,awrennalld3@artisteer.com,Female,
Anatole,Rollitt,arollittd4@sitemeter.com,Male,
Augie,Kenworthy,akenworthyd5@google.it,Male,
Madelyn,Balducci,mbalduccid6@blogs.com,Female,
Wendy,Oventon,woventond7@list-manage.com,Female,
Denys,Spilsted,dspilstedd8@4shared.com,Male,
Demetra,de Guerre,ddeguerred9@chron.com,Female,
Dannye,Ovell,dovellda@prlog.org,Female,
Spenser,Dobbyn,sdobbyndb@latimes.com,Male,
Cesar,Fenech,cfenechdc@squidoo.com,Male,
Johnny,Pickerin,jpickerindd@cmu.edu,Male,
Barby,Guilloneau,bguilloneaude@scientificamerican.com,Female,
Kristel,Ortas,kortasdf@google.es,Female,
Elias,Bulbeck,ebulbeckdg@whitehouse.gov,Male,
Iormina,Kose,ikosedh@newyorker.com,Female,
Fanchette,Brognot,fbrognotdi@elegantthemes.com,Female,
Kermy,Fatharly,kfatharlydj@time.com,Male,
Christi,Rump,crumpdk@sitemeter.com,Female,
Maynard,Di Biagio,mdibiagiodl@virginia.edu,Male,
Caspar,Garken,cgarkendm@ucsd.edu,Male,
Carree,Dubble,cdubbledn@jigsy.com,Female,
Redd,Koschke,rkoschkedo@ovh.net,Male,
Kaiser,Hewes,khewesdp@webmd.com,Male,
Nikola,Brounfield,nbrounfielddq@java.com,Male,
Robers,Lurcock,rlurcockdr@army.mil,Male,
Gail,Huckin,ghuckinds@china.com.cn,Male,
Teddy,Staunton,tstauntondt@nifty.com,Male,
Alene,Haymes,ahaymesdu@addthis.com,Female,
Zarah,Dailly,zdaillydv@pagesperso-orange.fr,Female,
Kassia,Fudger,kfudgerdw@imageshack.us,Female,
Letti,Gyford,lgyforddx@skyrock.com,Female,
Corenda,Kyngdon,ckyngdondy@woothemes.com,Female,
Mil,Vockins,mvockinsdz@ow.ly,Female,
Ilaire,Rubberts,irubbertse0@shutterfly.com,Male,
Babbie,Clipston,bclipstone1@lycos.com,Female,
Erinn,Mayou,emayoue2@51.la,Female,
Marji,Allawy,mallawye3@cargocollective.com,Female,
Thaxter,Levett,tlevette4@yolasite.com,Male,
Julianne,Simoncello,jsimoncelloe5@aboutads.info,Female,
Bat,Bulman,bbulmane6@biglobe.ne.jp,Male,
Rozamond,Follit,rfollite7@mtv.com,Female,
Sonni,Edy,sedye8@howstuffworks.com,Female,
Iris,Colaco,icolacoe9@japanpost.jp,Female,
Kelley,McKendry,kmckendryea@icq.com,Male,
Maryanne,Hansel,mhanseleb@about.me,Female,
Becky,Daffey,bdaffeyec@com.com,Female,
Gilda,Kingwell,gkingwelled@mit.edu,Female,
Amata,Bonny,abonnyee@diigo.com,Female,
Giffy,Iannitti,giannittief@cloudflare.com,Male,
Koralle,Skurm,kskurmeg@ebay.co.uk,Female,
Thomasa,Rozanski,trozanskieh@amazon.co.jp,Female,
Pernell,Norkutt,pnorkuttei@nhs.uk,Male,
Honoria,Dennison,hdennisonej@simplemachines.org,Female,
Avram,Slowley,aslowleyek@mapquest.com,Male,
Chelsie,Blacket,cblacketel@imageshack.us,Female,
Gregory,Gunbie,ggunbieem@hao123.com,Male,
Bern,Brumfield,bbrumfielden@furl.net,Male,
Riva,Badder,rbaddereo@si.edu,Female,
Constantin,Davidge,cdavidgeep@odnoklassniki.ru,Male,
Joannes,Willimont,jwillimonteq@adobe.com,Female,
Deanne,Curro,dcurroer@dmoz.org,Female,
Erminia,Jessup,ejessupes@ezinearticles.com,Female,
Avigdor,Engledow,aengledowet@aboutads.info,Male,
Julita,Elleyne,jelleyneeu@constantcontact.com,Female,
Abbi,Stace,astaceev@slashdot.org,Female,
Lamond,Nelthrop,lnelthropew@noaa.gov,Male,
Daria,Matula,dmatulaex@cmu.edu,Female,
Morie,Hoffmann,mhoffmanney@oaic.gov.au,Male,
Noelyn,Patriskson,npatrisksonez@alexa.com,Female,
Jerry,McCheyne,jmccheynef0@netlog.com,Male,
Vincenz,Bloggett,vbloggettf1@weibo.com,Male,
Terrence,Ladson,tladsonf2@cdbaby.com,Male,
Breena,Di Biagi,bdibiagif3@macromedia.com,Female,
Dorolice,Ugoni,dugonif4@hostgator.com,Female,
Ossie,Fortoun,ofortounf5@livejournal.com,Male,
Drud,Bater,dbaterf6@arizona.edu,Male,
Brandyn,Cogan,bcoganf7@furl.net,Male,
Henri,Elleray,hellerayf8@google.co.uk,Male,
Antonietta,Hinckes,ahinckesf9@yellowbook.com,Female,
Editha,Huertas,ehuertasfa@blogs.com,Female,
Violet,McErlaine,vmcerlainefb@disqus.com,Female,
Anders,Huggon,ahuggonfc@fc2.com,Male,
Coralie,Elliott,celliottfd@mac.com,Female,
Linn,Dietz,ldietzfe@sciencedaily.com,Male,
Franciskus,Knoles,fknolesff@wunderground.com,Male,
Retha,Yakubov,ryakubovfg@google.co.jp,Female,
Ashia,Yesenev,ayesenevfh@blogspot.com,Female,
Danita,Wingar,dwingarfi@ucsd.edu,Female,
Cory,Caplen,ccaplenfj@pinterest.com,Female,
Felisha,Ossenna,fossennafk@uol.com.br,Female,
Tristan,Chotty,tchottyfl@twitpic.com,Male,
Cynthea,Arnott,carnottfm@woothemes.com,Female,
Bev,Andrin,bandrinfn@usatoday.com,Female,
Livia,Woodrup,lwoodrupfo@blogtalkradio.com,Female,
Elladine,Balazot,ebalazotfp@yahoo.co.jp,Female,
Troy,Groucutt,tgroucuttfq@unesco.org,Male,
Elston,Dmitrovic,edmitrovicfr@prnewswire.com,Male,
Giselbert,Kingswell,gkingswellfs@i2i.jp,Male,
Gage,Bradie,gbradieft@msn.com,Male,
Marco,Fullstone,mfullstonefu@macromedia.com,Male,
Arri,Paterno,apaternofv@unicef.org,Male,
Jessy,Jerdein,jjerdeinfw@dot.gov,Female,
Caitrin,McCusker,cmccuskerfx@51.la,Female,
Zorina,Cordero,zcorderofy@cnbc.com,Female,
Susana,Flucker,sfluckerfz@purevolume.com,Female,
Rockey,Nielson,rnielsong0@tiny.cc,Male,
Kaspar,Dawber,kdawberg1@prnewswire.com,Male,
Geoffrey,Castiello,gcastiellog2@earthlink.net,Male,
Julissa,Abbie,jabbieg3@pinterest.com,Female,
Mandel,Petzold,mpetzoldg4@va.gov,Male,
Eulalie,Benettolo,ebenettolog5@dmoz.org,Female,
Tami,Bhar,tbharg6@howstuffworks.com,Female,
Yolanda,Dielhenn,ydielhenng7@boston.com,Female,
Juline,Collard,jcollardg8@sbwire.com,Female,
Kaitlynn,Burchill,kburchillg9@mtv.com,Female,
Lita,Wittering,lwitteringga@java.com,Female,
Odessa,Schoenrock,oschoenrockgb@liveinternet.ru,Female,
Georgetta,Longdon,glongdongc@cbc.ca,Female,
Leyla,Delete,ldeletegd@freewebs.com,Female,
Irvin,Philippet,iphilippetge@amazon.co.jp,Male,
Marie-ann,Danbrook,mdanbrookgf@ftc.gov,Female,
Katerina,Jakubovics,kjakubovicsgg@miitbeian.gov.cn,Female,
Josephine,Queste,jquestegh@nba.com,Female,
Carmelita,Riden,cridengi@gov.uk,Female,
Rodolfo,Weyland,rweylandgj@wisc.edu,Male,
Torrence,Lemmer,tlemmergk@privacy.gov.au,Male,
Rod,Netti,rnettigl@artisteer.com,Male,
Chastity,Meldon,cmeldongm@illinois.edu,Female,
Mariejeanne,Hitcham,mhitchamgn@huffingtonpost.com,Female,
Sanders,Batman,sbatmango@ow.ly,Male,
Kort,McArdle,kmcardlegp@forbes.com,Male,
Ebonee,McCumesky,emccumeskygq@craigslist.org,Female,
Codie,Fair,cfairgr@sakura.ne.jp,Female,
Nobe,Fosten,nfostengs@pcworld.com,Male,
Kassandra,Kite,kkitegt@cam.ac.uk,Female,
Chery,Meah,cmeahgu@google.pl,Female,
Kennedy,Liptrot,kliptrotgv@engadget.com,Male,
Dareen,Quinby,dquinbygw@netlog.com,Female,
Adrianne,Sudell,asudellgx@ycombinator.com,Female,
Connie,Andrejevic,candrejevicgy@w3.org,Male,
Zorana,Ledeker,zledekergz@webnode.com,Female,
Herbie,Malby,hmalbyh0@fastcompany.com,Male,
Arden,Percy,apercyh1@examiner.com,Female,
Filberte,Kordt,fkordth2@wikispaces.com,Male,
Ephrem,Happel,ehappelh3@samsung.com,Male,
Hilly,Crimpe,hcrimpeh4@berkeley.edu,Male,
Shaun,Coundley,scoundleyh5@surveymonkey.com,Male,
Codee,Sainsberry,csainsberryh6@hugedomains.com,Female,
Frank,Ainge,faingeh7@merriam-webster.com,Male,
Greg,Hotson,ghotsonh8@cbsnews.com,Male,
Irvin,Godfray,igodfrayh9@upenn.edu,Male,
Marybelle,Pimbley,mpimbleyha@pbs.org,Female,
Marylynne,Millyard,mmillyardhb@mit.edu,Female,
Hartley,Albertson,halbertsonhc@adobe.com,Male,
Celisse,Zambonini,czamboninihd@studiopress.com,Female,
Rustie,Avent,raventhe@usnews.com,Male,
Dov,Dews,ddewshf@toplist.cz,Male,
Ulysses,Hallowes,uhalloweshg@hatena.ne.jp,Male,
Brendin,Bazeley,bbazeleyhh@zimbio.com,Male,
Trumaine,Isacsson,tisacssonhi@over-blog.com,Male,
Osborne,Brawson,obrawsonhj@taobao.com,Male,
Mary,Varcoe,mvarcoehk@columbia.edu,Female,
Emalee,Cockshot,ecockshothl@cam.ac.uk,Female,
Ranice,Jentgens,rjentgenshm@nymag.com,Female,
Odelia,Tackley,otackleyhn@usa.gov,Female,
Jody,Yarnall,jyarnallho@mit.edu,Male,
Joell,Wayne,jwaynehp@princeton.edu,Female,
Abey,Necolds,anecoldshq@npr.org,Male,
Alberta,Duly,adulyhr@independent.co.uk,Female,
Tildie,Lambe,tlambehs@about.com,Female,
Lois,Bree,lbreeht@123-reg.co.uk,Female,
Elvis,Breakspear,ebreakspearhu@springer.com,Male,
Harwilll,Boddis,hboddishv@weibo.com,Male,
Haleigh,Hubbuck,hhubbuckhw@eepurl.com,Male,
Enos,Escudier,eescudierhx@cdbaby.com,Male,
Lorain,Fauguel,lfauguelhy@symantec.com,Female,
Veda,Marte,vmartehz@nhs.uk,Female,
Gibbie,Sigg,gsiggi0@ft.com,Male,
Hyatt,Ceaplen,hceapleni1@amazon.co.uk,Male,
Lidia,Hards,lhardsi2@guardian.co.uk,Female,
Catherine,Fonquernie,cfonquerniei3@squarespace.com,Female,
Worth,Dimnage,wdimnagei4@arstechnica.com,Male,
Aloisia,Hofer,ahoferi5@csmonitor.com,Female,
Reece,Verma,rvermai6@blogger.com,Male,
Doug,Lyvon,dlyvoni7@java.com,Male,
Hannis,Rolph,hrolphi8@tinypic.com,Female,
Danielle,Greeno,dgreenoi9@hc360.com,Female,
Bree,Rahill,brahillia@marketwatch.com,Female,
Fairfax,Fairholme,ffairholmeib@instagram.com,Male,
Charlton,Killelay,ckillelayic@quantcast.com,Male,
Dede,Doveston,ddovestonid@xinhuanet.com,Female,
Kare,Millichip,kmillichipie@vkontakte.ru,Female,
Zak,Aspinal,zaspinalif@mysql.com,Male,
Olia,Batthew,obatthewig@unicef.org,Female,
Davidde,Westcott,dwestcottih@storify.com,Male,
Colly,Coaker,ccoakerii@ftc.gov,Female,
Nanete,Winter,nwinterij@behance.net,Female,
Denney,Camus,dcamusik@oakley.com,Male,
Gerry,Ivashnyov,givashnyovil@woothemes.com,Male,
Matthaeus,Haster,mhasterim@tripod.com,Male,
Mallorie,Atling,matlingin@biglobe.ne.jp,Female,
Angele,Bateup,abateupio@amazonaws.com,Female,
Leta,Doram,ldoramip@whitehouse.gov,Female,
Yalonda,Smolan,ysmolaniq@yahoo.co.jp,Female,
Letta,Espadater,lespadaterir@samsung.com,Female,
Rodina,Richardson,rrichardsonis@php.net,Female,
Natala,Paulus,npaulusit@shop-pro.jp,Female,
Zerk,Brayshay,zbrayshayiu@prnewswire.com,Male,
Penny,Sugars,psugarsiv@smugmug.com,Male,
Teena,Hawyes,thawyesiw@narod.ru,Female,
Alejandro,Mixter,amixterix@irs.gov,Male,
Loria,Mundy,lmundyiy@godaddy.com,Female,
Joni,Chad,jchadiz@disqus.com,Female,
Griffin,Brounfield,gbrounfieldj0@whitehouse.gov,Male,
Lonni,Ouldcott,louldcottj1@constantcontact.com,Female,
Thom,Addington,taddingtonj2@spiegel.de,Male,
Laughton,Kubczak,lkubczakj3@addthis.com,Male,
Ezmeralda,Charrier,echarrierj4@zimbio.com,Female,
Celestina,Regelous,cregelousj5@un.org,Female,
Quentin,Gibbeson,qgibbesonj6@live.com,Female,
Donna,Sandon,dsandonj7@cdbaby.com,Female,
Deny,McSherry,dmcsherryj8@behance.net,Female,
Aurora,Pleming,aplemingj9@taobao.com,Female,
Byran,Emett,bemettja@technorati.com,Male,
Camilla,Balch,cbalchjb@pcworld.com,Female,
Raff,McCrillis,rmccrillisjc@wix.com,Male,
Bette,Pountney,bpountneyjd@state.gov,Female,
Daphne,Kinnier,dkinnierje@netvibes.com,Female,
Helenelizabeth,Colicot,hcolicotjf@epa.gov,Female,
Evey,Grzesiewicz,egrzesiewiczjg@census.gov,Female,
Aline,Orteau,aorteaujh@youtube.com,Female,
Renard,Berresford,rberresfordji@moonfruit.com,Male,
Bennie,McTavish,bmctavishjj@ifeng.com,Female,
Brantley,Daniells,bdaniellsjk@blogs.com,Male,
Ruthe,Killingback,rkillingbackjl@utexas.edu,Female,
Maire,Carmont,mcarmontjm@cnn.com,Female,
Bonnibelle,Sink,bsinkjn@globo.com,Female,
Oliviero,Matts,omattsjo@google.nl,Male,
Waylan,Doby,wdobyjp@prnewswire.com,Male,
Leland,Beedham,lbeedhamjq@state.tx.us,Male,
Paten,Bennit,pbennitjr@facebook.com,Male,
Quentin,Fairholme,qfairholmejs@mashable.com,Female,
Kara,Ebenezer,kebenezerjt@scribd.com,Female,
Webster,Brodhead,wbrodheadju@timesonline.co.uk,Male,
Delores,Bertome,dbertomejv@cafepress.com,Female,
Zita,Stratford,zstratfordjw@e-recht24.de,Female,
Udall,Storck,ustorckjx@google.com.au,Male,
Nathanial,Valder,nvalderjy@dion.ne.jp,Male,
Esma,Jeffcoat,ejeffcoatjz@w3.org,Female,
Pincus,Swoffer,pswofferk0@dion.ne.jp,Male,
Nelly,Decourcy,ndecourcyk1@yolasite.com,Female,
Davita,Hards,dhardsk2@drupal.org,Female,
Lindy,Redsull,lredsullk3@sogou.com,Male,
Read,Bullent,rbullentk4@bing.com,Male,
Baron,Charette,bcharettek5@berkeley.edu,Male,
Cos,Soames,csoamesk6@topsy.com,Male,
Micaela,Teresia,mteresiak7@abc.net.au,Female,
Harris,Balas,hbalask8@mysql.com,Male,
Tamera,Hews,thewsk9@vk.com,Female,
Melany,Christley,mchristleyka@yolasite.com,Female,
Othilia,Bordes,obordeskb@dedecms.com,Female,
Carling,Keerl,ckeerlkc@weibo.com,Male,
Wenda,Smiley,wsmileykd@seattletimes.com,Female,
Dulcy,Thorndale,dthorndaleke@yale.edu,Female,
Louis,Fortescue,lfortescuekf@paypal.com,Male,
Phillip,MacFadyen,pmacfadyenkg@hexun.com,Male,
Valerye,Dowley,vdowleykh@miitbeian.gov.cn,Female,
Gus,Czajkowska,gczajkowskaki@cpanel.net,Female,
Kathlin,Tookey,ktookeykj@biglobe.ne.jp,Female,
Elinor,Fullylove,efullylovekk@msn.com,Female,
Corina,Dayment,cdaymentkl@washington.edu,Female,
Palm,Nickolls,pnickollskm@nhs.uk,Male,
Ilysa,McElrath,imcelrathkn@wordpress.com,Female,
Hervey,Habert,hhabertko@rediff.com,Male,
Nevil,Hurworth,nhurworthkp@vimeo.com,Male,
Tiphani,Oehme,toehmekq@squarespace.com,Female,
Raynell,Grissett,rgrissettkr@meetup.com,Female,
Quintana,Dibley,qdibleyks@de.vu,Female,
Rogers,Pfiffer,rpfifferkt@unblog.fr,Male,
Rad,Heinecke,rheineckeku@typepad.com,Male,
Saidee,Cleugher,scleugherkv@time.com,Female,
Cecil,Haly,chalykw@guardian.co.uk,Male,
Goraud,Spires,gspireskx@acquirethisname.com,Male,
Valma,Nicol,vnicolky@arizona.edu,Female,
Elsie,Pryell,epryellkz@elegantthemes.com,Female,
Mikkel,MacRirie,mmacririel0@bing.com,Male,
Saul,Elner,selnerl1@zimbio.com,Male,
Deny,Ingleston,dinglestonl2@nasa.gov,Female,
Meredith,Kerwin,mkerwinl3@walmart.com,Female,
Skye,Labram,slabraml4@google.co.jp,Male,
Cly,Remington,cremingtonl5@a8.net,Male,
Orrin,Wyeld,owyeldl6@dyndns.org,Male,
Baxie,Gabey,bgabeyl7@ucla.edu,Male,
Al,Dunnion,adunnionl8@wired.com,Male,
Candida,Markus,cmarkusl9@ucoz.com,Female,
Angelique,Millan,amillanla@canalblog.com,Female,
Tabby,Weddell,tweddelllb@icio.us,Female,
Dennie,Duffill,dduffilllc@sphinn.com,Female,
Aharon,MacCosty,amaccostyld@slate.com,Male,
Ximenes,Witsey,xwitseyle@wix.com,Male,
Kirstin,Ride,kridelf@trellian.com,Female,
Adamo,Matchett,amatchettlg@privacy.gov.au,Male,
Rabbi,Lammert,rlammertlh@goodreads.com,Male,
Chick,Castelletti,ccastellettili@oakley.com,Male,
Hermy,Capewell,hcapewelllj@harvard.edu,Male,
Davin,Seid,dseidlk@fotki.com,Male,
Tully,Pargiter,tpargiterll@upenn.edu,Male,
Frasco,Ondracek,fondraceklm@pagesperso-orange.fr,Male,
Umeko,Sabater,usabaterln@alibaba.com,Female,
Verney,Sheffield,vsheffieldlo@businessweek.com,Male,
Arielle,Asey,aaseylp@admin.ch,Female,
Rowe,Bigley,rbigleylq@constantcontact.com,Female,
Birgit,Redmain,bredmainlr@icq.com,Female,
Idaline,Bakeup,ibakeupls@issuu.com,Female,
Faydra,Mould,fmouldlt@nifty.com,Female,
Nicoline,Cable,ncablelu@amazon.de,Female,
Auberta,Stocker,astockerlv@surveymonkey.com,Female,
Raymond,Rayworth,rrayworthlw@opensource.org,Male,
Godfree,Dreossi,gdreossilx@ft.com,Male,
Ben,Hallum,bhallumly@disqus.com,Male,
Gavra,Legendre,glegendrelz@bbb.org,Female,
Lyman,Meekin,lmeekinm0@opensource.org,Male,
Binky,Romain,bromainm1@dailymail.co.uk,Male,
Efren,Shackleton,eshackletonm2@miitbeian.gov.cn,Male,
Hamlin,Abbado,habbadom3@samsung.com,Male,
Dillon,Albon,dalbonm4@rambler.ru,Male,
Myrvyn,Garrat,mgarratm5@cisco.com,Male,
Damian,Horsefield,dhorsefieldm6@gizmodo.com,Male,
Fidelio,Fitzackerley,ffitzackerleym7@economist.com,Male,
Iormina,Okker,iokkerm8@ning.com,Female,
Garik,Ben,gbenm9@nytimes.com,Male,
Udall,Hubeaux,uhubeauxma@hostgator.com,Male,
Renate,Catchpole,rcatchpolemb@techcrunch.com,Female,
Tiff,Frend,tfrendmc@guardian.co.uk,Female,
Drew,Lenz,dlenzmd@angelfire.com,Male,
Cchaddie,Bricket,cbricketme@nymag.com,Male,
Merill,Kinney,mkinneymf@livejournal.com,Male,
Darwin,Overstone,doverstonemg@arizona.edu,Male,
Haydon,Dosdale,hdosdalemh@intel.com,Male,
Cleo,McGorley,cmcgorleymi@google.ru,Female,
Rhodia,Shannon,rshannonmj@homestead.com,Female,
Doralynne,Daveren,ddaverenmk@tmall.com,Female,
Reider,Tyt,rtytml@salon.com,Male,
Washington,Heiner,wheinermm@utexas.edu,Male,
Francoise,Southgate,fsouthgatemn@ucsd.edu,Female,
Yasmeen,Phizackarley,yphizackarleymo@qq.com,Female,
Cindee,Divver,cdivvermp@uiuc.edu,Female,
Valentine,Spinozzi,vspinozzimq@shop-pro.jp,Male,
Marleen,Naden,mnadenmr@bandcamp.com,Female,
Elsie,Lukas,elukasms@google.co.jp,Female,
Barnebas,McCole,bmccolemt@sogou.com,Male,
Berenice,Tearney,btearneymu@liveinternet.ru,Female,
Ola,Haley,ohaleymv@weather.com,Female,
Willabella,Annetts,wannettsmw@friendfeed.com,Female,
Merridie,Etoile,metoilemx@businesswire.com,Female,
Ann,Curgenven,acurgenvenmy@ebay.co.uk,Female,
Abie,Labbez,alabbezmz@xinhuanet.com,Male,
Maribeth,Carous,mcarousn0@goodreads.com,Female,
Penni,Pitcaithley,ppitcaithleyn1@furl.net,Female,
Padraig,Monard,pmonardn2@virginia.edu,Male,
Charlotta,Kille,ckillen3@engadget.com,Female,
Lorne,Joderli,ljoderlin4@elpais.com,Female,
Arline,Huff,ahuffn5@globo.com,Female,
Rhetta,Giacomozzo,rgiacomozzon6@elpais.com,Female,
Gilberto,Evamy,gevamyn7@bloglines.com,Male,
Chance,Cristofvao,ccristofvaon8@jigsy.com,Male,
Drud,Edbrooke,dedbrooken9@discovery.com,Male,
Levi,Conant,lconantna@newsvine.com,Male,
Eolande,Glasspoole,eglasspoolenb@zimbio.com,Female,
Rawley,Ilyinykh,rilyinykhnc@google.co.jp,Male,
Bobette,Gordon-Giles,bgordongilesnd@smh.com.au,Female,
Carmita,Aitkenhead,caitkenheadne@issuu.com,Female,
Kellyann,Tzar,ktzarnf@huffingtonpost.com,Female,
Kacy,Bonnick,kbonnickng@geocities.com,Female,
Chelsy,Vasyatkin,cvasyatkinnh@patch.com,Female,
Archy,Bonicelli,abonicellini@fc2.com,Male,
Thebault,Latliff,tlatliffnj@ed.gov,Male,
Batholomew,Heasly,bheaslynk@wufoo.com,Male,
Melodie,Cudbertson,mcudbertsonnl@ihg.com,Female,
Ronda,Rentoll,rrentollnm@sfgate.com,Female,
Britney,Sowten,bsowtennn@furl.net,Female,
Ealasaid,Langelay,elangelayno@comsenz.com,Female,
Levon,Rossoni,lrossoninp@huffingtonpost.com,Male,
Lucho,Skelding,lskeldingnq@wisc.edu,Male,
Erminie,Cadney,ecadneynr@reuters.com,Female,
Astra,Morrell,amorrellns@wikipedia.org,Female,
Myrna,Jacox,mjacoxnt@usa.gov,Female,
Saunderson,Greedyer,sgreedyernu@newsvine.com,Male,
Marcelo,Pollins,mpollinsnv@nationalgeographic.com,Male,
Abbey,Prati,apratinw@hc360.com,Male,
Courtney,Fredy,cfredynx@yahoo.com,Female,
Sean,Baswall,sbaswallny@shutterfly.com,Male,
Tybi,Plaschke,tplaschkenz@skype.com,Female,
Gabriella,Ponten,gponteno0@apache.org,Female,
Iago,Logesdale,ilogesdaleo1@bizjournals.com,Male,
Zelma,Criple,zcripleo2@angelfire.com,Female,
Tracie,Grzes,tgrzeso3@shinystat.com,Male,
Nedi,Kempton,nkemptono4@delicious.com,Female,
Tally,Waycot,twaycoto5@cbslocal.com,Female,
Tomas,Boulds,tbouldso6@booking.com,Male,
Marven,Whitloe,mwhitloeo7@opensource.org,Male,
Inger,Pidwell,ipidwello8@howstuffworks.com,Male,
Tobe,Yegorkov,tyegorkovo9@dell.com,Male,
Hansiain,Kayes,hkayesoa@ed.gov,Male,
Alvy,Bauckham,abauckhamob@about.me,Male,
Lillis,Arnett,larnettoc@purevolume.com,Female,
Gawain,Swayland,gswaylandod@intel.com,Male,
Dinnie,Amner,damneroe@cargocollective.com,Female,
Diane-marie,Zanelli,dzanelliof@dropbox.com,Female,
Erda,Shepherd,eshepherdog@illinois.edu,Female,
Olympie,Huson,ohusonoh@360.cn,Female,
Petr,Smewin,psmewinoi@state.gov,Male,
Pierce,Mainstone,pmainstoneoj@sogou.com,Male,
Lauretta,Hinckes,lhinckesok@miitbeian.gov.cn,Female,
Shalne,Yeats,syeatsol@wp.com,Female,
Aveline,Wallbridge,awallbridgeom@yahoo.co.jp,Female,
Douglass,Rouff,drouffon@lycos.com,Male,
Dixie,McMickan,dmcmickanoo@pinterest.com,Female,
Etti,Cunnington,ecunningtonop@ameblo.jp,Female,
Conroy,Jery,cjeryoq@ox.ac.uk,Male,
Frances,Burrell,fburrellor@simplemachines.org,Female,
Nicolina,Crich,ncrichos@nhs.uk,Female,
Libby,Braithwait,lbraithwaitot@cbsnews.com,Female,
Tan,Methuen,tmethuenou@csmonitor.com,Male,
Wiatt,Pagnin,wpagninov@prlog.org,Male,
Leona,Brewins,lbrewinsow@weebly.com,Female,
Manny,Gadsdon,mgadsdonox@sciencedaily.com,Male,
Giraldo,Richardet,grichardetoy@flickr.com,Male,
Teresina,Broadhurst,tbroadhurstoz@gravatar.com,Female,
Muire,Grigs,mgrigsp0@nature.com,Female,
Bessy,Burtwhistle,bburtwhistlep1@bravesites.com,Female,
Kristoffer,Son,ksonp2@jalbum.net,Male,
Micky,Heam,mheamp3@nps.gov,Male,
Anselm,Tather,atatherp4@topsy.com,Male,
Amery,Papps,apappsp5@vimeo.com,Male,
Kellen,Mountstephen,kmountstephenp6@php.net,Male,
Binky,Abbotts,babbottsp7@soundcloud.com,Male,
Costa,Argue,carguep8@yolasite.com,Male,
Corny,Gowar,cgowarp9@blogtalkradio.com,Male,
Aristotle,Jedrzaszkiewicz,ajedrzaszkiewiczpa@newsvine.com,Male,
Yehudi,Birkin,ybirkinpb@homestead.com,Male,
Rickie,Islip,rislippc@craigslist.org,Female,
Lotti,Arlt,larltpd@plala.or.jp,Female,
Lidia,Atherton,lathertonpe@webnode.com,Female,
Gabe,Bielefeld,gbielefeldpf@usda.gov,Male,
Pincus,Littleover,plittleoverpg@networksolutions.com,Male,
Deedee,Mawd,dmawdph@slate.com,Female,
Constantin,Elfleet,celfleetpi@alexa.com,Male,
Stirling,Dmisek,sdmisekpj@facebook.com,Male,
Stepha,Worthing,sworthingpk@ezinearticles.com,Female,
Ely,Gardner,egardnerpl@dailymotion.com,Male,
Lance,Pickworth,lpickworthpm@scribd.com,Male,
Louise,Pellman,lpellmanpn@omniture.com,Female,
Wynn,Prangley,wprangleypo@guardian.co.uk,Male,
Max,Flatte,mflattepp@aboutads.info,Male,
Cherianne,Baunton,cbauntonpq@pen.io,Female,
Gratia,Stallybrass,gstallybrasspr@hud.gov,Female,
Robin,McQuorkell,rmcquorkellps@elpais.com,Female,
Vinnie,Helsdon,vhelsdonpt@creativecommons.org,Female,
Joyann,Stibbs,jstibbspu@pagesperso-orange.fr,Female,
Randee,Belson,rbelsonpv@archive.org,Female,
Deloria,Sephton,dsephtonpw@sphinn.com,Female,
Angie,Roast,aroastpx@naver.com,Male,
Sascha,Wallentin,swallentinpy@meetup.com,Female,
Mano,Danit,mdanitpz@hp.com,Male,
Gerhardine,Couronne,gcouronneq0@sun.com,Female,
Christi,Couldwell,ccouldwellq1@google.pl,Female,
Lurline,Uttermare,luttermareq2@shutterfly.com,Female,
Felice,Wandrach,fwandrachq3@example.com,Male,
Norina,Vardie,nvardieq4@newsvine.com,Female,
Weber,MacClinton,wmacclintonq5@washingtonpost.com,Male,
Ashly,Leefe,aleefeq6@cbslocal.com,Female,
Phoebe,Dignam,pdignamq7@usda.gov,Female,
Ana,Slaughter,aslaughterq8@artisteer.com,Female,
Zarah,Duprey,zdupreyq9@amazon.co.uk,Female,
Gretal,Ledbury,gledburyqa@telegraph.co.uk,Female,
Maxie,Fforde,mffordeqb@imdb.com,Male,
Dasi,Horsell,dhorsellqc@goo.ne.jp,Female,
Elysee,McClory,emccloryqd@free.fr,Female,
Leena,Treacher,ltreacherqe@mapquest.com,Female,
Josee,de Savery,jdesaveryqf@ameblo.jp,Female,
Car,Christophle,cchristophleqg@va.gov,Male,
Claudian,Burges,cburgesqh@hexun.com,Male,
Kariotta,Havelin,khavelinqi@tiny.cc,Female,
Bobby,Troppmann,btroppmannqj@mac.com,Male,
Meredeth,Duckett,mduckettqk@vk.com,Male,
Sapphira,Frediani,sfredianiql@networkadvertising.org,Female,
Anna-maria,Biggen,abiggenqm@umn.edu,Female,
Clerkclaude,Giron,cgironqn@youku.com,Male,
Anna,Mariel,amarielqo@digg.com,Female,
Rickey,Slowey,rsloweyqp@reference.com,Male,
Field,Harbar,fharbarqq@geocities.com,Male,
Bowie,Sollime,bsollimeqr@salon.com,Male,
Glenda,Heinish,gheinishqs@go.com,Female,
Katusha,Ivatt,kivattqt@weebly.com,Female,
Felizio,Brightey,fbrighteyqu@51.la,Male,
Gregory,Valentim,gvalentimqv@constantcontact.com,Male,
Clare,Bricham,cbrichamqw@drupal.org,Male,
Dietrich,Dixcey,ddixceyqx@wikispaces.com,Male,
Jobi,Ferencowicz,jferencowiczqy@google.co.uk,Female,
Vergil,Kennington,vkenningtonqz@rakuten.co.jp,Male,
Werner,Masters,wmastersr0@tumblr.com,Male,
Woodrow,Whitlam,wwhitlamr1@unc.edu,Male,
Flin,Blythe,fblyther2@wordpress.org,Male,
Tull,Bolin,tbolinr3@4shared.com,Male,
Otis,Jedrzejkiewicz,ojedrzejkiewiczr4@joomla.org,Male,
Alexa,Jakeway,ajakewayr5@furl.net,Female,
Elisabet,Abbate,eabbater6@jigsy.com,Female,
Annalise,Keele,akeeler7@xrea.com,Female,
Rollin,Dunning,rdunningr8@dmoz.org,Male,
Susanetta,Swallow,sswallowr9@archive.org,Female,
Tammi,Moncrieffe,tmoncrieffera@hibu.com,Female,
Algernon,Revie,arevierb@goodreads.com,Male,
Nesta,Mattei,nmatteirc@tumblr.com,Female,
Emelen,Southerns,esouthernsrd@ycombinator.com,Male,
Aggie,Hammor,ahammorre@dropbox.com,Female,
Jackson,Kohlert,jkohlertrf@dailymotion.com,Male,
Ennis,Fenner,efennerrg@digg.com,Male,
Lonnard,Bonifant,lbonifantrh@vkontakte.ru,Male,
Zeke,Howitt,zhowittri@jimdo.com,Male,
Clement,Pepall,cpepallrj@google.com.au,Male,
Fiorenze,Goncaves,fgoncavesrk@github.com,Female,
Gill,Bradforth,gbradforthrl@comcast.net,Male,
Angelica,Roston,arostonrm@meetup.com,Female,
Stormi,Tanguy,stanguyrn@t.co,Female,
Hilda,Waddie,hwaddiero@amazon.com,Female,
Philippa,Sharpley,psharpleyrp@rambler.ru,Female,
Demott,Kilgannon,dkilgannonrq@va.gov,Male,
Jae,McGlue,jmcgluerr@china.com.cn,Male,
