,first_name,last_name,email,gender
0,Merry,MacKettrick,mmackettrick0@latimes.com,Male
1,Calla,Truin,ctruin1@surveymonkey.com,Female
2,Tobiah,Cattlow,tcattlow2@oaic.gov.au,Male
3,Budd,Balwin,bbalwin3@networksolutions.com,Male
4,Cornela,Braid,cbraid4@quantcast.com,Female
5,Angel,Arthan,aarthan5@gov.uk,Female
6,Horatio,Chestnutt,hchestnutt6@npr.org,Male
7,Alford,Evans,aevans7@ca.gov,Male
8,Eberhard,Bartholomaus,ebartholomaus8@weibo.com,Male
9,Pauline,Albon,palbon9@amazon.de,Female
10,Whitby,Pentlow,wpentlowa@hatena.ne.jp,Male
11,Kathie,Sabban,ksabbanb@narod.ru,Female
12,Merissa,Berntssen,mberntssenc@simplemachines.org,Female
13,Raina,Northgraves,rnorthgravesd@uol.com.br,Female
14,Aymer,Bennedick,abennedicke@archive.org,Male
15,Bucky,MacCumeskey,bmaccumeskeyf@topsy.com,Male
16,Alfonse,Bruyet,abruyetg@usnews.com,Male
17,Darrick,Gildroy,dgildroyh@opensource.org,Male
18,Caritta,Risdale,crisdalei@weebly.com,Female
19,Alexi,Cumberland,acumberlandj@acquirethisname.com,Female
20,Clywd,Jerrans,cjerransk@about.com,Male
21,Aimee,MacLise,amaclisel@answers.com,Female
22,Hermon,Dullard,hdullardm@simplemachines.org,Male
23,Lorelle,McCaughen,lmccaughenn@pbs.org,Female
24,Burgess,Ghiotto,bghiottoo@mtv.com,Male
25,Hollyanne,Stetlye,hstetlyep@hud.gov,Female
26,Mycah,Bentz,mbentzq@about.com,Male
27,Noreen,Auchinleck,nauchinleckr@vk.com,Female
28,Jacqueline,McNab,jmcnabs@wordpress.com,Female
29,Thorvald,Dello,tdellot@photobucket.com,Male
30,Nolie,Duckworth,nduckworthu@deliciousdays.com,Female
31,Wilhelmina,Follos,wfollosv@alibaba.com,Female
32,Stevy,Dommett,sdommettw@yale.edu,Male
33,Burnaby,Lerer,blererx@prweb.com,Male
34,Isidore,Le Guin,ileguiny@devhub.com,Male
35,Jenna,Leicester,jleicesterz@addthis.com,Female
36,Milzie,Sleightholme,msleightholme10@sun.com,Female
37,Janeen,Bewlie,jbewlie11@alibaba.com,Female
38,Dulci,Flanaghan,dflanaghan12@squidoo.com,Female
39,Jule,Pepall,jpepall13@t.co,Male
40,Jordan,Snalom,jsnalom14@geocities.com,Female
41,Britteny,Lethieulier,blethieulier15@fda.gov,Female
42,Karita,Rigby,krigby16@microsoft.com,Female
43,Beth,Chaudron,bchaudron17@apache.org,Female
44,Marty,Rochester,mrochester18@ebay.com,Female
45,Eward,Van Der Weedenburg,evanderweedenburg19@epa.gov,Male
46,Gertrudis,Dunks,gdunks1a@noaa.gov,Female
47,Lenore,Southerton,lsoutherton1b@macromedia.com,Female
48,Adoree,Fone,afone1c@storify.com,Female
49,Estevan,Stamp,estamp1d@google.com,Male
50,Ettore,Brettell,ebrettell1e@paginegialle.it,Male
51,Porty,Murty,pmurty1f@chron.com,Male
52,Morly,Massei,mmassei1g@wsj.com,Male
53,Raffaello,Perris,rperris1h@tamu.edu,Male
54,Purcell,Looney,plooney1i@symantec.com,Male
55,Derk,Cowoppe,dcowoppe1j@purevolume.com,Male
56,Noah,Free,nfree1k@mapy.cz,Male
57,Jarad,Gainforth,jgainforth1l@cbsnews.com,Male
58,Sophey,Hutten,shutten1m@lycos.com,Female
59,Ludovico,Portwaine,lportwaine1n@4shared.com,Male
60,Nevsa,Woodyear,nwoodyear1o@wikimedia.org,Female
61,Aggy,Kynge,akynge1p@shinystat.com,Female
62,Chad,Coatts,ccoatts1q@comcast.net,Female
63,Orrin,O'Looney,oolooney1r@google.fr,Male
64,Mitchael,Offill,moffill1s@acquirethisname.com,Male
65,Dilly,Leyninye,dleyninye1t@behance.net,Male
66,Clarice,Bein,cbein1u@i2i.jp,Female
67,Cristie,Meffin,cmeffin1v@mapquest.com,Female
68,Hedda,Chalder,hchalder1w@123-reg.co.uk,Female
69,Jonah,Binny,jbinny1x@wunderground.com,Male
70,Maurine,Payfoot,mpayfoot1y@youku.com,Female
71,Yule,Pratchett,ypratchett1z@bloglines.com,Male
72,Coriss,Moss,cmoss20@arstechnica.com,Female
73,Janeen,Dandie,jdandie21@uiuc.edu,Female
74,Shea,Kumar,skumar22@freewebs.com,Female
75,Evangelina,Jeaffreson,ejeaffreson23@clickbank.net,Female
76,Gradeigh,Rustich,grustich24@mtv.com,Male
77,Philip,Santorini,psantorini25@wix.com,Male
78,Rubetta,McOnie,rmconie26@state.gov,Female
79,Gannon,Trenear,gtrenear27@i2i.jp,Male
80,Marcella,Lillicrop,mlillicrop28@google.ca,Female
81,Nels,Mackro,nmackro29@zimbio.com,Male
82,Lanie,Bunnell,lbunnell2a@fda.gov,Male
83,Jeffrey,Dunlop,jdunlop2b@intel.com,Male
84,Lane,Backwell,lbackwell2c@globo.com,Male
85,Andie,Enever,aenever2d@china.com.cn,Male
86,Creigh,Basile,cbasile2e@t-online.de,Male
87,Alicea,Swinfen,aswinfen2f@harvard.edu,Female
88,Ardelis,Dayes,adayes2g@w3.org,Female
89,Dorthea,Bulmer,dbulmer2h@sakura.ne.jp,Female
90,Patti,Winsley,pwinsley2i@sitemeter.com,Female
91,Elwyn,Bucknall,ebucknall2j@amazon.de,Male
92,Shelia,Baine,sbaine2k@tinypic.com,Female
93,Devora,Crumpton,dcrumpton2l@oakley.com,Female
94,Cate,Whitney,cwhitney2m@bandcamp.com,Female
95,Minetta,Gosnell,mgosnell2n@acquirethisname.com,Female
96,Averyl,Dumphy,adumphy2o@hao123.com,Female
97,Kienan,Hollidge,khollidge2p@cbslocal.com,Male
98,Isidora,Malin,imalin2q@walmart.com,Female
99,Sande,Sneezem,ssneezem2r@mail.ru,Female
100,Anton,Faccini,afaccini2s@imdb.com,Male
101,Deena,Boon,dboon2t@blogs.com,Female
102,Damaris,Deaton,ddeaton2u@phoca.cz,Female
103,Trefor,Wagge,twagge2v@arizona.edu,Male
104,Cchaddie,Lumly,clumly2w@paypal.com,Male
105,Meade,Dosdale,mdosdale2x@jiathis.com,Female
106,Oralee,Farron,ofarron2y@flickr.com,Female
107,Kermit,Wilbraham,kwilbraham2z@samsung.com,Male
108,Luis,Hauch,lhauch30@stumbleupon.com,Male
109,Shannon,Wildes,swildes31@imdb.com,Female
110,Brittne,Stonehewer,bstonehewer32@mapy.cz,Female
111,Marc,Fluin,mfluin33@weibo.com,Male
112,Rance,Hullett,rhullett34@nsw.gov.au,Male
113,Juliette,Gerriets,jgerriets35@arizona.edu,Female
114,Janina,Wortley,jwortley36@tumblr.com,Female
115,Friederike,Caird,fcaird37@slashdot.org,Female
116,Jeanine,Mixworthy,jmixworthy38@addtoany.com,Female
117,Antonetta,Melville,amelville39@theglobeandmail.com,Female
118,Estel,Fright,efright3a@behance.net,Female
119,Erwin,Kirvell,ekirvell3b@irs.gov,Male
120,Florenza,Welden,fwelden3c@time.com,Female
121,Michal,Ringham,mringham3d@wordpress.org,Female
122,Monika,Hovenden,mhovenden3e@unblog.fr,Female
123,Wally,Novak,wnovak3f@list-manage.com,Male
124,Milicent,Eyeington,meyeington3g@xrea.com,Female
125,Tris,Eldershaw,teldershaw3h@ibm.com,Male
126,Vaughan,Axtens,vaxtens3i@home.pl,Male
127,Dominique,Cantos,dcantos3j@mapy.cz,Female
128,Artie,Doyle,adoyle3k@phpbb.com,Male
129,Marybelle,Jorissen,mjorissen3l@cnbc.com,Female
130,Corissa,Dymidowicz,cdymidowicz3m@wix.com,Female
131,Damiano,Gorrick,dgorrick3n@narod.ru,Male
132,Lionel,Teasdale,lteasdale3o@paginegialle.it,Male
133,Arvie,Skally,askally3p@usda.gov,Male
134,Bonny,Viger,bviger3q@gnu.org,Female
135,Nady,Ajam,najam3r@ning.com,Female
136,Wilmar,Whatman,wwhatman3s@adobe.com,Male
137,Arch,Maddocks,amaddocks3t@loc.gov,Male
138,Austina,Brompton,abrompton3u@facebook.com,Female
139,Phillipe,Trever,ptrever3v@ebay.com,Male
140,Eduino,Shilburne,eshilburne3w@businesswire.com,Male
141,Yvonne,Canero,ycanero3x@istockphoto.com,Female
142,Rolf,Piggin,rpiggin3y@biblegateway.com,Male
143,Crawford,Dmtrovic,cdmtrovic3z@tumblr.com,Male
144,Rosabelle,Kilmary,rkilmary40@reference.com,Female
145,Maribel,Denisevich,mdenisevich41@oaic.gov.au,Female
146,Felice,Domokos,fdomokos42@ameblo.jp,Male
147,Kriste,Klaaasen,kklaaasen43@geocities.jp,Female
148,Tore,Delf,tdelf44@deliciousdays.com,Male
149,Nora,Asson,nasson45@illinois.edu,Female
150,Sawyere,McGriffin,smcgriffin46@desdev.cn,Male
151,Jeniffer,Handaside,jhandaside47@csmonitor.com,Female
152,Bellanca,Wiper,bwiper48@google.com.hk,Female
153,Olag,Padginton,opadginton49@typepad.com,Male
154,Tiffany,Sherborne,tsherborne4a@flavors.me,Female
155,Jeniece,Woodley,jwoodley4b@accuweather.com,Female
156,Lloyd,Gomersall,lgomersall4c@wufoo.com,Male
157,Shawn,Kroger,skroger4d@washingtonpost.com,Female
158,Eleen,Fleay,efleay4e@feedburner.com,Female
159,Nola,Blose,nblose4f@census.gov,Female
160,Daren,Fort,dfort4g@mediafire.com,Male
161,Rayshell,Piet,rpiet4h@amazon.co.uk,Female
162,Marijn,Stygall,mstygall4i@wunderground.com,Male
163,Filip,Wyllt,fwyllt4j@photobucket.com,Male
164,Julio,Martlew,jmartlew4k@engadget.com,Male
165,Ado,Nickolls,anickolls4l@networkadvertising.org,Male
166,Bjorn,Clutterbuck,bclutterbuck4m@theguardian.com,Male
167,Marcel,Aronow,maronow4n@over-blog.com,Male
168,Izzy,Sillito,isillito4o@indiegogo.com,Male
169,Thorin,McCathie,tmccathie4p@yale.edu,Male
170,Bone,Wheater,bwheater4q@businesswire.com,Male
171,Yard,Frill,yfrill4r@prlog.org,Male
172,Germayne,Brundill,gbrundill4s@squarespace.com,Male
173,Garrik,Madgwich,gmadgwich4t@mtv.com,Male
174,Reade,Merrgan,rmerrgan4u@squidoo.com,Male
175,Haley,Saban,hsaban4v@goo.gl,Male
176,Ardine,Dawidowitsch,adawidowitsch4w@aboutads.info,Female
177,Randal,Tippett,rtippett4x@vinaora.com,Male
178,Weylin,Winley,wwinley4y@ibm.com,Male
179,Griff,Eick,geick4z@zdnet.com,Male
180,Charo,Pressnell,cpressnell50@amazonaws.com,Female
181,Bartram,Trebble,btrebble51@i2i.jp,Male
182,Derwin,Sleigh,dsleigh52@mozilla.com,Male
183,Amelia,Calderbank,acalderbank53@oracle.com,Female
184,Harbert,Biermatowicz,hbiermatowicz54@about.me,Male
185,Neils,Gretton,ngretton55@studiopress.com,Male
186,Tyson,Stollsteiner,tstollsteiner56@cocolog-nifty.com,Male
187,Anders,Bortolussi,abortolussi57@netvibes.com,Male
188,Bruis,Dowrey,bdowrey58@ca.gov,Male
189,Noell,Gurney,ngurney59@sphinn.com,Female
190,Gerhardt,McEnteggart,gmcenteggart5a@washingtonpost.com,Male
191,Wini,Esmead,wesmead5b@amazon.com,Female
192,Louisa,Treeby,ltreeby5c@trellian.com,Female
193,Skell,Pimlett,spimlett5d@mail.ru,Male
194,Ame,Offiler,aoffiler5e@symantec.com,Female
195,Richard,Bare,rbare5f@histats.com,Male
196,Kellie,Patria,kpatria5g@networksolutions.com,Female
197,Norbie,Gramer,ngramer5h@mac.com,Male
198,Francis,Constanza,fconstanza5i@miitbeian.gov.cn,Male
199,Vivien,Graysmark,vgraysmark5j@weebly.com,Female
200,Marcille,Paunsford,mpaunsford5k@admin.ch,Female
201,Goddard,Marlowe,gmarlowe5l@mail.ru,Male
202,Maryjo,Petris,mpetris5m@wunderground.com,Female
203,Jerrie,Doddemeede,jdoddemeede5n@oracle.com,Female
204,Licha,Goulter,lgoulter5o@discuz.net,Female
205,Fay,Vennart,fvennart5p@over-blog.com,Female
206,Mignonne,Nobriga,mnobriga5q@jiathis.com,Female
207,Noll,Geerdts,ngeerdts5r@facebook.com,Male
208,Bendick,Keune,bkeune5s@businessweek.com,Male
209,Olivie,Hartegan,ohartegan5t@indiatimes.com,Female
210,Winston,Tawn,wtawn5u@salon.com,Male
211,Janine,Moorhead,jmoorhead5v@cnn.com,Female
212,Camilla,Tilliards,ctilliards5w@tinypic.com,Female
213,Bancroft,Charrington,bcharrington5x@dot.gov,Male
214,Rollin,Camber,rcamber5y@nydailynews.com,Male
215,Christin,Feitosa,cfeitosa5z@ask.com,Female
216,Noland,Elsworth,nelsworth60@so-net.ne.jp,Male
217,Torre,Coyett,tcoyett61@cyberchimps.com,Male
218,Merissa,Geeraert,mgeeraert62@nhs.uk,Female
219,Caril,Clever,cclever63@baidu.com,Female
220,Henriette,Laurenz,hlaurenz64@weebly.com,Female
221,Yehudit,MacTeggart,ymacteggart65@spiegel.de,Male
222,Artair,Radoux,aradoux66@vk.com,Male
223,Alana,Pinnigar,apinnigar67@ehow.com,Female
224,Liesa,Dingate,ldingate68@virginia.edu,Female
225,Dredi,Franck,dfranck69@4shared.com,Female
226,Phillip,Kerins,pkerins6a@senate.gov,Male
227,Selina,Kilmaster,skilmaster6b@fc2.com,Female
228,Meredithe,Gianetti,mgianetti6c@digg.com,Female
229,Armstrong,Turbill,aturbill6d@printfriendly.com,Male
230,Veronica,Bachanski,vbachanski6e@tuttocitta.it,Female
231,Grayce,Peregrine,gperegrine6f@yellowbook.com,Female
232,Orsola,Bartosch,obartosch6g@huffingtonpost.com,Female
233,Kay,Thurlby,kthurlby6h@goodreads.com,Female
234,Nichol,Pasmore,npasmore6i@baidu.com,Female
235,Durante,Peirce,dpeirce6j@quantcast.com,Male
236,Tomkin,Farr,tfarr6k@amazon.co.jp,Male
237,Rodney,Billborough,rbillborough6l@google.co.uk,Male
238,Cristabel,Gowing,cgowing6m@dropbox.com,Female
239,Renata,Millican,rmillican6n@google.com.br,Female
240,Penelopa,Bromby,pbromby6o@domainmarket.com,Female
241,Cara,Solano,csolano6p@flavors.me,Female
242,Darryl,Gripton,dgripton6q@homestead.com,Female
243,Katlin,Siggens,ksiggens6r@opera.com,Female
244,Stuart,Whistance,swhistance6s@adobe.com,Male
245,Tristan,Mathewson,tmathewson6t@php.net,Male
246,Halette,De Beauchamp,hdebeauchamp6u@yellowbook.com,Female
247,Anderea,Walley,awalley6v@slashdot.org,Female
248,Lizabeth,Baumer,lbaumer6w@bizjournals.com,Female
249,Solly,Hadlee,shadlee6x@dyndns.org,Male
250,Letta,Bartolomeoni,lbartolomeoni6y@comsenz.com,Female
251,Gertrudis,Cloonan,gcloonan6z@guardian.co.uk,Female
252,Lynna,Dufaire,ldufaire70@ycombinator.com,Female
253,Wanda,Folley,wfolley71@gmpg.org,Female
254,Welbie,Gadsby,wgadsby72@netlog.com,Male
255,Merry,Sherrett,msherrett73@dot.gov,Male
256,Devon,Tukesby,dtukesby74@yahoo.com,Female
257,Marylee,Blackway,mblackway75@deviantart.com,Female
258,Alma,Maunder,amaunder76@zimbio.com,Female
259,Charlie,Ghidelli,cghidelli77@networkadvertising.org,Male
260,Gaston,Accomb,gaccomb78@dion.ne.jp,Male
261,Leontyne,Ebbitt,lebbitt79@cdc.gov,Female
262,Grange,Garlic,ggarlic7a@tinyurl.com,Male
263,Hyacinth,Primmer,hprimmer7b@marketwatch.com,Female
264,Sherlocke,Duckerin,sduckerin7c@vinaora.com,Male
265,Coleman,Charteris,ccharteris7d@shutterfly.com,Male
266,Nessa,Matyushenko,nmatyushenko7e@comcast.net,Female
267,Brendon,Rupke,brupke7f@youtu.be,Male
268,Agneta,Verrechia,averrechia7g@foxnews.com,Female
269,Marc,Eckels,meckels7h@networksolutions.com,Male
270,Franklin,Urry,furry7i@slideshare.net,Male
271,Mignon,Barrus,mbarrus7j@sohu.com,Female
272,Kipp,Nelane,knelane7k@yelp.com,Female
273,Noell,Winram,nwinram7l@topsy.com,Female
274,Haley,Acey,hacey7m@wiley.com,Male
275,Marmaduke,Shoppee,mshoppee7n@ask.com,Male
276,Markos,Cradoc,mcradoc7o@amazon.co.jp,Male
277,Regan,Jacquemot,rjacquemot7p@nationalgeographic.com,Male
278,Jeni,Matissoff,jmatissoff7q@microsoft.com,Female
279,Hercule,Brozsset,hbrozsset7r@live.com,Male
280,Rivalee,Sutherns,rsutherns7s@ask.com,Female
281,Brittaney,Medforth,bmedforth7t@wikimedia.org,Female
282,Bert,Gelly,bgelly7u@technorati.com,Female
283,Tim,Rabidge,trabidge7v@google.com.hk,Female
284,Viv,Ortler,vortler7w@studiopress.com,Female
285,Alane,Beaby,abeaby7x@japanpost.jp,Female
286,Jonah,Seedull,jseedull7y@phpbb.com,Male
287,Holli,Tricker,htricker7z@omniture.com,Female
288,Yankee,Richard,yrichard80@elpais.com,Male
289,Michelina,Sleney,msleney81@eepurl.com,Female
290,Babara,Iacobini,biacobini82@google.nl,Female
291,Vasilis,Witterick,vwitterick83@marketwatch.com,Male
292,Doro,Rubinsaft,drubinsaft84@wikipedia.org,Female
293,Latrina,Hlavac,lhlavac85@newyorker.com,Female
294,Genvieve,Lanceter,glanceter86@mashable.com,Female
295,Berta,Balharry,bbalharry87@nbcnews.com,Female
296,Tallie,Pagen,tpagen88@a8.net,Male
297,Harriott,Baggally,hbaggally89@amazon.co.jp,Female
298,Jonis,Scroggins,jscroggins8a@kickstarter.com,Female
299,Griffin,McIlwrath,gmcilwrath8b@360.cn,Male
300,Florry,Benit,fbenit8c@bbb.org,Female
301,Quent,Frantzen,qfrantzen8d@amazon.de,Male
302,Ginger,Shower,gshower8e@jalbum.net,Female
303,Lorant,Hiner,lhiner8f@unesco.org,Male
304,Hunfredo,Dowse,hdowse8g@creativecommons.org,Male
305,Griz,Gawn,ggawn8h@google.com.au,Male
306,Dynah,Alyokhin,dalyokhin8i@unesco.org,Female
307,Page,Nathan,pnathan8j@princeton.edu,Male
308,Dani,Gottschalk,dgottschalk8k@shutterfly.com,Male
309,Christine,Perkinson,cperkinson8l@seesaa.net,Female
310,Robin,Breen,rbreen8m@angelfire.com,Male
311,Cross,Giffen,cgiffen8n@devhub.com,Male
312,Kenn,Bromilow,kbromilow8o@cafepress.com,Male
313,Gayle,Gerritzen,ggerritzen8p@liveinternet.ru,Male
314,Charmion,Woolpert,cwoolpert8q@newsvine.com,Female
315,Willie,Hazeup,whazeup8r@telegraph.co.uk,Female
316,Giavani,Earthfield,gearthfield8s@nih.gov,Male
317,Lanie,MacAleese,lmacaleese8t@thetimes.co.uk,Female
318,Stefa,Chinery,schinery8u@sun.com,Female
319,Hettie,Cockroft,hcockroft8v@webnode.com,Female
320,Rudolfo,Sowley,rsowley8w@narod.ru,Male
321,Dian,MacCard,dmaccard8x@chronoengine.com,Female
322,Mufi,Dows,mdows8y@gravatar.com,Female
323,Stevana,Bimson,sbimson8z@smh.com.au,Female
324,Leona,Von Welden,lvonwelden90@hatena.ne.jp,Female
325,Josephina,Vivyan,jvivyan91@mac.com,Female
326,Flore,Devaney,fdevaney92@123-reg.co.uk,Female
327,Donni,Keen,dkeen93@imgur.com,Female
328,Klement,Redwin,kredwin94@cnbc.com,Male
329,Isidor,Ulyet,iulyet95@mlb.com,Male
330,Hilario,Matiebe,hmatiebe96@networkadvertising.org,Male
331,Tanhya,Mattaus,tmattaus97@squarespace.com,Female
332,Jesse,Leaton,jleaton98@nsw.gov.au,Female
333,Fern,Pieter,fpieter99@instagram.com,Female
334,Annadiana,Machin,amachin9a@phoca.cz,Female
335,Ariela,Quilliam,aquilliam9b@opera.com,Female
336,Fabien,Philippard,fphilippard9c@w3.org,Male
337,Dolph,Eplate,deplate9d@plala.or.jp,Male
338,Sybil,Tocqueville,stocqueville9e@mozilla.com,Female
339,Joel,Quarrington,jquarrington9f@surveymonkey.com,Male
340,Wayland,Hurleston,whurleston9g@imageshack.us,Male
341,Pen,Scotting,pscotting9h@vistaprint.com,Male
342,Orsola,Gorries,ogorries9i@taobao.com,Female
343,Idaline,Antic,iantic9j@sogou.com,Female
344,Madelaine,Jodlowski,mjodlowski9k@google.com.hk,Female
345,Frayda,Imlock,fimlock9l@loc.gov,Female
346,Ardis,Pounsett,apounsett9m@sun.com,Female
347,Magdalene,Garshore,mgarshore9n@google.ru,Female
348,Jessamine,Coatman,jcoatman9o@blogs.com,Female
349,Starr,Ranscomb,sranscomb9p@stanford.edu,Female
350,Wilden,Rudolfer,wrudolfer9q@bing.com,Male
351,Jocko,Pyford,jpyford9r@homestead.com,Male
352,Faina,Morriarty,fmorriarty9s@wufoo.com,Female
353,Aleta,Connichie,aconnichie9t@state.tx.us,Female
354,Candra,Proswell,cproswell9u@cbc.ca,Female
355,Ardelia,Salvatore,asalvatore9v@prweb.com,Female
356,Lauryn,Allawy,lallawy9w@behance.net,Female
357,Gusti,Wrinch,gwrinch9x@geocities.jp,Female
358,Martie,Catcheside,mcatcheside9y@360.cn,Female
359,Hansiain,Discombe,hdiscombe9z@seesaa.net,Male
360,Shayne,Wylam,swylama0@zimbio.com,Female
361,Howie,MacClinton,hmacclintona1@weibo.com,Male
362,Sasha,Rist,srista2@hp.com,Male
363,Sam,Lowdyane,slowdyanea3@xrea.com,Male
364,Tull,Farren,tfarrena4@vinaora.com,Male
365,Prinz,Flaune,pflaunea5@jimdo.com,Male
366,Tiffani,Segebrecht,tsegebrechta6@rediff.com,Female
367,Deloris,Threadgall,dthreadgalla7@wired.com,Female
368,Joby,Roussell,jroussella8@earthlink.net,Female
369,Valeria,Strathman,vstrathmana9@economist.com,Female
370,Delinda,Holliar,dholliaraa@tuttocitta.it,Female
371,Devan,Noury,dnouryab@weebly.com,Female
372,Dick,Grzelak,dgrzelakac@google.nl,Male
373,Karena,Happel,khappelad@ibm.com,Female
374,Fonz,Toy,ftoyae@g.co,Male
375,Elia,Armitt,earmittaf@google.co.uk,Male
376,Julian,Paddefield,jpaddefieldag@pinterest.com,Male
377,Sherman,Chafney,schafneyah@kickstarter.com,Male
378,Melba,De Giorgio,mdegiorgioai@accuweather.com,Female
379,Tony,Forsdyke,tforsdykeaj@statcounter.com,Female
380,Sayres,Blanckley,sblanckleyak@eventbrite.com,Male
381,Gerome,Krink,gkrinkal@hatena.ne.jp,Male
382,Roberta,Edscer,redsceram@noaa.gov,Female
383,Shalom,Santry,ssantryan@bloomberg.com,Male
384,Roman,Rawcliffe,rrawcliffeao@desdev.cn,Male
385,Julie,McKyrrelly,jmckyrrellyap@symantec.com,Male
386,Vanni,Brompton,vbromptonaq@mac.com,Female
387,Tamar,Stairs,tstairsar@java.com,Female
388,Raven,Burnand,rburnandas@clickbank.net,Female
389,Lin,Warren,lwarrenat@senate.gov,Female
390,Robbert,Galbreath,rgalbreathau@admin.ch,Male
391,Edeline,Massimi,emassimiav@themeforest.net,Female
392,Dean,Courtliff,dcourtliffaw@163.com,Male
393,Alysia,Bagniuk,abagniukax@goo.gl,Female
394,Halette,Amorine,hamorineay@shinystat.com,Female
395,Irena,Groundwater,igroundwateraz@apache.org,Female
396,Byrom,Cotilard,bcotilardb0@bluehost.com,Male
397,Fiann,Preuvost,fpreuvostb1@ted.com,Female
398,Theresina,Macklam,tmacklamb2@adobe.com,Female
399,Garvin,Yanuk,gyanukb3@example.com,Male
400,Rita,Wixey,rwixeyb4@tripod.com,Female
401,Bobinette,Worling,bworlingb5@xrea.com,Female
402,Ronni,Tombleson,rtomblesonb6@slideshare.net,Female
403,Sutherland,Ruffler,srufflerb7@weibo.com,Male
404,Dorie,D'Aeth,ddaethb8@mlb.com,Male
405,Jabez,Hambly,jhamblyb9@army.mil,Male
406,Hort,Batters,hbattersba@toplist.cz,Male
407,Nonnah,O'Hallihane,nohallihanebb@etsy.com,Female
408,Bliss,Brandes,bbrandesbc@yahoo.com,Female
409,Shalne,Bruhnsen,sbruhnsenbd@businessinsider.com,Female
410,Atlante,Valsler,avalslerbe@miibeian.gov.cn,Female
411,Leticia,Batkin,lbatkinbf@nytimes.com,Female
412,Elliot,Mewis,emewisbg@behance.net,Male
413,Garrard,Crocetto,gcrocettobh@examiner.com,Male
414,Risa,Haughian,rhaughianbi@engadget.com,Female
415,Quill,Emmert,qemmertbj@mapquest.com,Male
416,Grange,Asipenko,gasipenkobk@imageshack.us,Male
417,Tiffi,Goodayle,tgoodaylebl@yahoo.com,Female
418,Vivyan,Jirick,vjirickbm@bizjournals.com,Female
419,Kelsey,McLaggan,kmclagganbn@amazon.co.jp,Female
420,Myrtle,Darrington,mdarringtonbo@weather.com,Female
421,Rici,Deroche,rderochebp@newyorker.com,Female
422,Salli,Berni,sbernibq@boston.com,Female
423,Corina,Drakard,cdrakardbr@deviantart.com,Female
424,Ennis,Croizier,ecroizierbs@unc.edu,Male
425,Hershel,Leppingwell,hleppingwellbt@macromedia.com,Male
426,Patrice,MacKeig,pmackeigbu@4shared.com,Female
427,Bryon,Birtles,bbirtlesbv@nifty.com,Male
428,Brandtr,Priddy,bpriddybw@smh.com.au,Male
429,Lilia,Tomblett,ltomblettbx@guardian.co.uk,Female
430,Oberon,Biscomb,obiscombby@europa.eu,Male
431,Brandi,Draye,bdrayebz@earthlink.net,Female
432,Alyda,Orans,aoransc0@multiply.com,Female
433,Christos,Wych,cwychc1@howstuffworks.com,Male
434,Doria,Sterry,dsterryc2@google.com.br,Female
435,Delores,Gilliat,dgilliatc3@woothemes.com,Female
436,Eloisa,Plewman,eplewmanc4@ow.ly,Female
437,Dill,Boshers,dboshersc5@hubpages.com,Male
438,Forrester,Baumadier,fbaumadierc6@addtoany.com,Male
439,Garrick,Bisset,gbissetc7@google.co.uk,Male
440,Alfreda,Pote,apotec8@tumblr.com,Female
441,Shirlee,O'Dare,sodarec9@gov.uk,Female
442,Baird,Mcmanaman,bmcmanamanca@wordpress.com,Male
443,Urbanus,Scholard,uscholardcb@fotki.com,Male
444,Tome,Rivelon,triveloncc@nifty.com,Male
445,Daniele,Luttger,dluttgercd@godaddy.com,Female
446,Cull,Pllu,cplluce@japanpost.jp,Male
447,Ewell,Chellam,echellamcf@un.org,Male
448,Jory,Dooler,jdoolercg@imageshack.us,Male
449,Rowland,Howen,rhowench@dropbox.com,Male
450,Curt,Spurgeon,cspurgeonci@addtoany.com,Male
451,Carrissa,Chattoe,cchattoecj@jalbum.net,Female
452,Merwin,Rickerby,mrickerbyck@imageshack.us,Male
453,Fawnia,McBeth,fmcbethcl@mayoclinic.com,Female
454,Bogart,Ridler,bridlercm@pbs.org,Male
455,Zachary,Tomisch,ztomischcn@twitter.com,Male
456,Justinn,Playford,jplayfordco@irs.gov,Female
457,Lolita,Wardingley,lwardingleycp@mtv.com,Female
458,Madeleine,Ovens,movenscq@jugem.jp,Female
459,Vic,Skace,vskacecr@simplemachines.org,Male
460,Bradan,McAlees,bmcaleescs@cdc.gov,Male
461,Gavra,Greveson,ggrevesonct@smh.com.au,Female
462,Bryana,Aggis,baggiscu@w3.org,Female
463,Ariela,Jennison,ajennisoncv@answers.com,Female
464,Maje,Aylmore,maylmorecw@hugedomains.com,Male
465,Karry,Nayer,knayercx@t.co,Female
466,Aline,Edison,aedisoncy@chicagotribune.com,Female
467,Halley,Nary,hnarycz@kickstarter.com,Female
468,Aveline,Fossick,afossickd0@elpais.com,Female
469,Lula,Coy,lcoyd1@reference.com,Female
470,Martynne,Wrey,mwreyd2@miibeian.gov.cn,Female
471,Ardith,Wrennall,awrennalld3@artisteer.com,Female
472,Anatole,Rollitt,arollittd4@sitemeter.com,Male
473,Augie,Kenworthy,akenworthyd5@google.it,Male
474,Madelyn,Balducci,mbalduccid6@blogs.com,Female
475,Wendy,Oventon,woventond7@list-manage.com,Female
476,Denys,Spilsted,dspilstedd8@4shared.com,Male
477,Demetra,de Guerre,ddeguerred9@chron.com,Female
478,Dannye,Ovell,dovellda@prlog.org,Female
479,Spenser,Dobbyn,sdobbyndb@latimes.com,Male
480,Cesar,Fenech,cfenechdc@squidoo.com,Male
481,Johnny,Pickerin,jpickerindd@cmu.edu,Male
482,Barby,Guilloneau,bguilloneaude@scientificamerican.com,Female
483,Kristel,Ortas,kortasdf@google.es,Female
484,Elias,Bulbeck,ebulbeckdg@whitehouse.gov,Male
485,Iormina,Kose,ikosedh@newyorker.com,Female
486,Fanchette,Brognot,fbrognotdi@elegantthemes.com,Female
487,Kermy,Fatharly,kfatharlydj@time.com,Male
488,Christi,Rump,crumpdk@sitemeter.com,Female
489,Maynard,Di Biagio,mdibiagiodl@virginia.edu,Male
490,Caspar,Garken,cgarkendm@ucsd.edu,Male
491,Carree,Dubble,cdubbledn@jigsy.com,Female
492,Redd,Koschke,rkoschkedo@ovh.net,Male
493,Kaiser,Hewes,khewesdp@webmd.com,Male
494,Nikola,Brounfield,nbrounfielddq@java.com,Male
495,Robers,Lurcock,rlurcockdr@army.mil,Male
496,Gail,Huckin,ghuckinds@china.com.cn,Male
497,Teddy,Staunton,tstauntondt@nifty.com,Male
498,Alene,Haymes,ahaymesdu@addthis.com,Female
499,Zarah,Dailly,zdaillydv@pagesperso-orange.fr,Female
500,Kassia,Fudger,kfudgerdw@imageshack.us,Female
501,Letti,Gyford,lgyforddx@skyrock.com,Female
502,Corenda,Kyngdon,ckyngdondy@woothemes.com,Female
503,Mil,Vockins,mvockinsdz@ow.ly,Female
504,Ilaire,Rubberts,irubbertse0@shutterfly.com,Male
505,Babbie,Clipston,bclipstone1@lycos.com,Female
506,Erinn,Mayou,emayoue2@51.la,Female
507,Marji,Allawy,mallawye3@cargocollective.com,Female
508,Thaxter,Levett,tlevette4@yolasite.com,Male
509,Julianne,Simoncello,jsimoncelloe5@aboutads.info,Female
510,Bat,Bulman,bbulmane6@biglobe.ne.jp,Male
511,Rozamond,Follit,rfollite7@mtv.com,Female
512,Sonni,Edy,sedye8@howstuffworks.com,Female
513,Iris,Colaco,icolacoe9@japanpost.jp,Female
514,Kelley,McKendry,kmckendryea@icq.com,Male
515,Maryanne,Hansel,mhanseleb@about.me,Female
516,Becky,Daffey,bdaffeyec@com.com,Female
517,Gilda,Kingwell,gkingwelled@mit.edu,Female
518,Amata,Bonny,abonnyee@diigo.com,Female
519,Giffy,Iannitti,giannittief@cloudflare.com,Male
520,Koralle,Skurm,kskurmeg@ebay.co.uk,Female
521,Thomasa,Rozanski,trozanskieh@amazon.co.jp,Female
522,Pernell,Norkutt,pnorkuttei@nhs.uk,Male
523,Honoria,Dennison,hdennisonej@simplemachines.org,Female
524,Avram,Slowley,aslowleyek@mapquest.com,Male
525,Chelsie,Blacket,cblacketel@imageshack.us,Female
526,Gregory,Gunbie,ggunbieem@hao123.com,Male
527,Bern,Brumfield,bbrumfielden@furl.net,Male
528,Riva,Badder,rbaddereo@si.edu,Female
529,Constantin,Davidge,cdavidgeep@odnoklassniki.ru,Male
530,Joannes,Willimont,jwillimonteq@adobe.com,Female
531,Deanne,Curro,dcurroer@dmoz.org,Female
532,Erminia,Jessup,ejessupes@ezinearticles.com,Female
533,Avigdor,Engledow,aengledowet@aboutads.info,Male
534,Julita,Elleyne,jelleyneeu@constantcontact.com,Female
535,Abbi,Stace,astaceev@slashdot.org,Female
536,Lamond,Nelthrop,lnelthropew@noaa.gov,Male
537,Daria,Matula,dmatulaex@cmu.edu,Female
538,Morie,Hoffmann,mhoffmanney@oaic.gov.au,Male
539,Noelyn,Patriskson,npatrisksonez@alexa.com,Female
540,Jerry,McCheyne,jmccheynef0@netlog.com,Male
541,Vincenz,Bloggett,vbloggettf1@weibo.com,Male
542,Terrence,Ladson,tladsonf2@cdbaby.com,Male
543,Breena,Di Biagi,bdibiagif3@macromedia.com,Female
544,Dorolice,Ugoni,dugonif4@hostgator.com,Female
545,Ossie,Fortoun,ofortounf5@livejournal.com,Male
546,Drud,Bater,dbaterf6@arizona.edu,Male
547,Brandyn,Cogan,bcoganf7@furl.net,Male
548,Henri,Elleray,hellerayf8@google.co.uk,Male
549,Antonietta,Hinckes,ahinckesf9@yellowbook.com,Female
550,Editha,Huertas,ehuertasfa@blogs.com,Female
551,Violet,McErlaine,vmcerlainefb@disqus.com,Female
552,Anders,Huggon,ahuggonfc@fc2.com,Male
553,Coralie,Elliott,celliottfd@mac.com,Female
554,Linn,Dietz,ldietzfe@sciencedaily.com,Male
555,Franciskus,Knoles,fknolesff@wunderground.com,Male
556,Retha,Yakubov,ryakubovfg@google.co.jp,Female
557,Ashia,Yesenev,ayesenevfh@blogspot.com,Female
558,Danita,Wingar,dwingarfi@ucsd.edu,Female
559,Cory,Caplen,ccaplenfj@pinterest.com,Female
560,Felisha,Ossenna,fossennafk@uol.com.br,Female
561,Tristan,Chotty,tchottyfl@twitpic.com,Male
562,Cynthea,Arnott,carnottfm@woothemes.com,Female
563,Bev,Andrin,bandrinfn@usatoday.com,Female
564,Livia,Woodrup,lwoodrupfo@blogtalkradio.com,Female
565,Elladine,Balazot,ebalazotfp@yahoo.co.jp,Female
566,Troy,Groucutt,tgroucuttfq@unesco.org,Male
567,Elston,Dmitrovic,edmitrovicfr@prnewswire.com,Male
568,Giselbert,Kingswell,gkingswellfs@i2i.jp,Male
569,Gage,Bradie,gbradieft@msn.com,Male
570,Marco,Fullstone,mfullstonefu@macromedia.com,Male
571,Arri,Paterno,apaternofv@unicef.org,Male
572,Jessy,Jerdein,jjerdeinfw@dot.gov,Female
573,Caitrin,McCusker,cmccuskerfx@51.la,Female
574,Zorina,Cordero,zcorderofy@cnbc.com,Female
575,Susana,Flucker,sfluckerfz@purevolume.com,Female
576,Rockey,Nielson,rnielsong0@tiny.cc,Male
577,Kaspar,Dawber,kdawberg1@prnewswire.com,Male
578,Geoffrey,Castiello,gcastiellog2@earthlink.net,Male
579,Julissa,Abbie,jabbieg3@pinterest.com,Female
580,Mandel,Petzold,mpetzoldg4@va.gov,Male
581,Eulalie,Benettolo,ebenettolog5@dmoz.org,Female
582,Tami,Bhar,tbharg6@howstuffworks.com,Female
583,Yolanda,Dielhenn,ydielhenng7@boston.com,Female
584,Juline,Collard,jcollardg8@sbwire.com,Female
585,Kaitlynn,Burchill,kburchillg9@mtv.com,Female
586,Lita,Wittering,lwitteringga@java.com,Female
587,Odessa,Schoenrock,oschoenrockgb@liveinternet.ru,Female
588,Georgetta,Longdon,glongdongc@cbc.ca,Female
589,Leyla,Delete,ldeletegd@freewebs.com,Female
590,Irvin,Philippet,iphilippetge@amazon.co.jp,Male
591,Marie-ann,Danbrook,mdanbrookgf@ftc.gov,Female
592,Katerina,Jakubovics,kjakubovicsgg@miitbeian.gov.cn,Female
593,Josephine,Queste,jquestegh@nba.com,Female
594,Carmelita,Riden,cridengi@gov.uk,Female
595,Rodolfo,Weyland,rweylandgj@wisc.edu,Male
596,Torrence,Lemmer,tlemmergk@privacy.gov.au,Male
597,Rod,Netti,rnettigl@artisteer.com,Male
598,Chastity,Meldon,cmeldongm@illinois.edu,Female
599,Mariejeanne,Hitcham,mhitchamgn@huffingtonpost.com,Female
600,Sanders,Batman,sbatmango@ow.ly,Male
601,Kort,McArdle,kmcardlegp@forbes.com,Male
602,Ebonee,McCumesky,emccumeskygq@craigslist.org,Female
603,Codie,Fair,cfairgr@sakura.ne.jp,Female
604,Nobe,Fosten,nfostengs@pcworld.com,Male
605,Kassandra,Kite,kkitegt@cam.ac.uk,Female
606,Chery,Meah,cmeahgu@google.pl,Female
607,Kennedy,Liptrot,kliptrotgv@engadget.com,Male
608,Dareen,Quinby,dquinbygw@netlog.com,Female
609,Adrianne,Sudell,asudellgx@ycombinator.com,Female
610,Connie,Andrejevic,candrejevicgy@w3.org,Male
611,Zorana,Ledeker,zledekergz@webnode.com,Female
612,Herbie,Malby,hmalbyh0@fastcompany.com,Male
613,Arden,Percy,apercyh1@examiner.com,Female
614,Filberte,Kordt,fkordth2@wikispaces.com,Male
615,Ephrem,Happel,ehappelh3@samsung.com,Male
616,Hilly,Crimpe,hcrimpeh4@berkeley.edu,Male
617,Shaun,Coundley,scoundleyh5@surveymonkey.com,Male
618,Codee,Sainsberry,csainsberryh6@hugedomains.com,Female
619,Frank,Ainge,faingeh7@merriam-webster.com,Male
620,Greg,Hotson,ghotsonh8@cbsnews.com,Male
621,Irvin,Godfray,igodfrayh9@upenn.edu,Male
622,Marybelle,Pimbley,mpimbleyha@pbs.org,Female
623,Marylynne,Millyard,mmillyardhb@mit.edu,Female
624,Hartley,Albertson,halbertsonhc@adobe.com,Male
625,Celisse,Zambonini,czamboninihd@studiopress.com,Female
626,Rustie,Avent,raventhe@usnews.com,Male
627,Dov,Dews,ddewshf@toplist.cz,Male
628,Ulysses,Hallowes,uhalloweshg@hatena.ne.jp,Male
629,Brendin,Bazeley,bbazeleyhh@zimbio.com,Male
630,Trumaine,Isacsson,tisacssonhi@over-blog.com,Male
631,Osborne,Brawson,obrawsonhj@taobao.com,Male
632,Mary,Varcoe,mvarcoehk@columbia.edu,Female
633,Emalee,Cockshot,ecockshothl@cam.ac.uk,Female
634,Ranice,Jentgens,rjentgenshm@nymag.com,Female
635,Odelia,Tackley,otackleyhn@usa.gov,Female
636,Jody,Yarnall,jyarnallho@mit.edu,Male
637,Joell,Wayne,jwaynehp@princeton.edu,Female
638,Abey,Necolds,anecoldshq@npr.org,Male
639,Alberta,Duly,adulyhr@independent.co.uk,Female
640,Tildie,Lambe,tlambehs@about.com,Female
641,Lois,Bree,lbreeht@123-reg.co.uk,Female
642,Elvis,Breakspear,ebreakspearhu@springer.com,Male
643,Harwilll,Boddis,hboddishv@weibo.com,Male
644,Haleigh,Hubbuck,hhubbuckhw@eepurl.com,Male
645,Enos,Escudier,eescudierhx@cdbaby.com,Male
646,Lorain,Fauguel,lfauguelhy@symantec.com,Female
647,Veda,Marte,vmartehz@nhs.uk,Female
648,Gibbie,Sigg,gsiggi0@ft.com,Male
649,Hyatt,Ceaplen,hceapleni1@amazon.co.uk,Male
650,Lidia,Hards,lhardsi2@guardian.co.uk,Female
651,Catherine,Fonquernie,cfonquerniei3@squarespace.com,Female
652,Worth,Dimnage,wdimnagei4@arstechnica.com,Male
653,Aloisia,Hofer,ahoferi5@csmonitor.com,Female
654,Reece,Verma,rvermai6@blogger.com,Male
655,Doug,Lyvon,dlyvoni7@java.com,Male
656,Hannis,Rolph,hrolphi8@tinypic.com,Female
657,Danielle,Greeno,dgreenoi9@hc360.com,Female
658,Bree,Rahill,brahillia@marketwatch.com,Female
659,Fairfax,Fairholme,ffairholmeib@instagram.com,Male
660,Charlton,Killelay,ckillelayic@quantcast.com,Male
661,Dede,Doveston,ddovestonid@xinhuanet.com,Female
662,Kare,Millichip,kmillichipie@vkontakte.ru,Female
663,Zak,Aspinal,zaspinalif@mysql.com,Male
664,Olia,Batthew,obatthewig@unicef.org,Female
665,Davidde,Westcott,dwestcottih@storify.com,Male
666,Colly,Coaker,ccoakerii@ftc.gov,Female
667,Nanete,Winter,nwinterij@behance.net,Female
668,Denney,Camus,dcamusik@oakley.com,Male
669,Gerry,Ivashnyov,givashnyovil@woothemes.com,Male
670,Matthaeus,Haster,mhasterim@tripod.com,Male
671,Mallorie,Atling,matlingin@biglobe.ne.jp,Female
672,Angele,Bateup,abateupio@amazonaws.com,Female
673,Leta,Doram,ldoramip@whitehouse.gov,Female
674,Yalonda,Smolan,ysmolaniq@yahoo.co.jp,Female
675,Letta,Espadater,lespadaterir@samsung.com,Female
676,Rodina,Richardson,rrichardsonis@php.net,Female
677,Natala,Paulus,npaulusit@shop-pro.jp,Female
678,Zerk,Brayshay,zbrayshayiu@prnewswire.com,Male
679,Penny,Sugars,psugarsiv@smugmug.com,Male
680,Teena,Hawyes,thawyesiw@narod.ru,Female
681,Alejandro,Mixter,amixterix@irs.gov,Male
682,Loria,Mundy,lmundyiy@godaddy.com,Female
683,Joni,Chad,jchadiz@disqus.com,Female
684,Griffin,Brounfield,gbrounfieldj0@whitehouse.gov,Male
685,Lonni,Ouldcott,louldcottj1@constantcontact.com,Female
686,Thom,Addington,taddingtonj2@spiegel.de,Male
687,Laughton,Kubczak,lkubczakj3@addthis.com,Male
688,Ezmeralda,Charrier,echarrierj4@zimbio.com,Female
689,Celestina,Regelous,cregelousj5@un.org,Female
690,Quentin,Gibbeson,qgibbesonj6@live.com,Female
691,Donna,Sandon,dsandonj7@cdbaby.com,Female
692,Deny,McSherry,dmcsherryj8@behance.net,Female
693,Aurora,Pleming,aplemingj9@taobao.com,Female
694,Byran,Emett,bemettja@technorati.com,Male
695,Camilla,Balch,cbalchjb@pcworld.com,Female
696,Raff,McCrillis,rmccrillisjc@wix.com,Male
697,Bette,Pountney,bpountneyjd@state.gov,Female
698,Daphne,Kinnier,dkinnierje@netvibes.com,Female
699,Helenelizabeth,Colicot,hcolicotjf@epa.gov,Female
700,Evey,Grzesiewicz,egrzesiewiczjg@census.gov,Female
701,Aline,Orteau,aorteaujh@youtube.com,Female
702,Renard,Berresford,rberresfordji@moonfruit.com,Male
703,Bennie,McTavish,bmctavishjj@ifeng.com,Female
704,Brantley,Daniells,bdaniellsjk@blogs.com,Male
705,Ruthe,Killingback,rkillingbackjl@utexas.edu,Female
706,Maire,Carmont,mcarmontjm@cnn.com,Female
707,Bonnibelle,Sink,bsinkjn@globo.com,Female
708,Oliviero,Matts,omattsjo@google.nl,Male
709,Waylan,Doby,wdobyjp@prnewswire.com,Male
710,Leland,Beedham,lbeedhamjq@state.tx.us,Male
711,Paten,Bennit,pbennitjr@facebook.com,Male
712,Quentin,Fairholme,qfairholmejs@mashable.com,Female
713,Kara,Ebenezer,kebenezerjt@scribd.com,Female
714,Webster,Brodhead,wbrodheadju@timesonline.co.uk,Male
715,Delores,Bertome,dbertomejv@cafepress.com,Female
716,Zita,Stratford,zstratfordjw@e-recht24.de,Female
717,Udall,Storck,ustorckjx@google.com.au,Male
718,Nathanial,Valder,nvalderjy@dion.ne.jp,Male
719,Esma,Jeffcoat,ejeffcoatjz@w3.org,Female
720,Pincus,Swoffer,pswofferk0@dion.ne.jp,Male
721,Nelly,Decourcy,ndecourcyk1@yolasite.com,Female
722,Davita,Hards,dhardsk2@drupal.org,Female
723,Lindy,Redsull,lredsullk3@sogou.com,Male
724,Read,Bullent,rbullentk4@bing.com,Male
725,Baron,Charette,bcharettek5@berkeley.edu,Male
726,Cos,Soames,csoamesk6@topsy.com,Male
727,Micaela,Teresia,mteresiak7@abc.net.au,Female
728,Harris,Balas,hbalask8@mysql.com,Male
729,Tamera,Hews,thewsk9@vk.com,Female
730,Melany,Christley,mchristleyka@yolasite.com,Female
731,Othilia,Bordes,obordeskb@dedecms.com,Female
732,Carling,Keerl,ckeerlkc@weibo.com,Male
733,Wenda,Smiley,wsmileykd@seattletimes.com,Female
734,Dulcy,Thorndale,dthorndaleke@yale.edu,Female
735,Louis,Fortescue,lfortescuekf@paypal.com,Male
736,Phillip,MacFadyen,pmacfadyenkg@hexun.com,Male
737,Valerye,Dowley,vdowleykh@miitbeian.gov.cn,Female
738,Gus,Czajkowska,gczajkowskaki@cpanel.net,Female
739,Kathlin,Tookey,ktookeykj@biglobe.ne.jp,Female
740,Elinor,Fullylove,efullylovekk@msn.com,Female
741,Corina,Dayment,cdaymentkl@washington.edu,Female
742,Palm,Nickolls,pnickollskm@nhs.uk,Male
743,Ilysa,McElrath,imcelrathkn@wordpress.com,Female
744,Hervey,Habert,hhabertko@rediff.com,Male
745,Nevil,Hurworth,nhurworthkp@vimeo.com,Male
746,Tiphani,Oehme,toehmekq@squarespace.com,Female
747,Raynell,Grissett,rgrissettkr@meetup.com,Female
748,Quintana,Dibley,qdibleyks@de.vu,Female
749,Rogers,Pfiffer,rpfifferkt@unblog.fr,Male
750,Rad,Heinecke,rheineckeku@typepad.com,Male
751,Saidee,Cleugher,scleugherkv@time.com,Female
752,Cecil,Haly,chalykw@guardian.co.uk,Male
753,Goraud,Spires,gspireskx@acquirethisname.com,Male
754,Valma,Nicol,vnicolky@arizona.edu,Female
755,Elsie,Pryell,epryellkz@elegantthemes.com,Female
756,Mikkel,MacRirie,mmacririel0@bing.com,Male
757,Saul,Elner,selnerl1@zimbio.com,Male
758,Deny,Ingleston,dinglestonl2@nasa.gov,Female
759,Meredith,Kerwin,mkerwinl3@walmart.com,Female
760,Skye,Labram,slabraml4@google.co.jp,Male
761,Cly,Remington,cremingtonl5@a8.net,Male
762,Orrin,Wyeld,owyeldl6@dyndns.org,Male
763,Baxie,Gabey,bgabeyl7@ucla.edu,Male
764,Al,Dunnion,adunnionl8@wired.com,Male
765,Candida,Markus,cmarkusl9@ucoz.com,Female
766,Angelique,Millan,amillanla@canalblog.com,Female
767,Tabby,Weddell,tweddelllb@icio.us,Female
768,Dennie,Duffill,dduffilllc@sphinn.com,Female
769,Aharon,MacCosty,amaccostyld@slate.com,Male
770,Ximenes,Witsey,xwitseyle@wix.com,Male
771,Kirstin,Ride,kridelf@trellian.com,Female
772,Adamo,Matchett,amatchettlg@privacy.gov.au,Male
773,Rabbi,Lammert,rlammertlh@goodreads.com,Male
774,Chick,Castelletti,ccastellettili@oakley.com,Male
775,Hermy,Capewell,hcapewelllj@harvard.edu,Male
776,Davin,Seid,dseidlk@fotki.com,Male
777,Tully,Pargiter,tpargiterll@upenn.edu,Male
778,Frasco,Ondracek,fondraceklm@pagesperso-orange.fr,Male
779,Umeko,Sabater,usabaterln@alibaba.com,Female
780,Verney,Sheffield,vsheffieldlo@businessweek.com,Male
781,Arielle,Asey,aaseylp@admin.ch,Female
782,Rowe,Bigley,rbigleylq@constantcontact.com,Female
783,Birgit,Redmain,bredmainlr@icq.com,Female
784,Idaline,Bakeup,ibakeupls@issuu.com,Female
785,Faydra,Mould,fmouldlt@nifty.com,Female
786,Nicoline,Cable,ncablelu@amazon.de,Female
787,Auberta,Stocker,astockerlv@surveymonkey.com,Female
788,Raymond,Rayworth,rrayworthlw@opensource.org,Male
789,Godfree,Dreossi,gdreossilx@ft.com,Male
790,Ben,Hallum,bhallumly@disqus.com,Male
791,Gavra,Legendre,glegendrelz@bbb.org,Female
792,Lyman,Meekin,lmeekinm0@opensource.org,Male
793,Binky,Romain,bromainm1@dailymail.co.uk,Male
794,Efren,Shackleton,eshackletonm2@miitbeian.gov.cn,Male
795,Hamlin,Abbado,habbadom3@samsung.com,Male
796,Dillon,Albon,dalbonm4@rambler.ru,Male
797,Myrvyn,Garrat,mgarratm5@cisco.com,Male
798,Damian,Horsefield,dhorsefieldm6@gizmodo.com,Male
799,Fidelio,Fitzackerley,ffitzackerleym7@economist.com,Male
800,Iormina,Okker,iokkerm8@ning.com,Female
801,Garik,Ben,gbenm9@nytimes.com,Male
802,Udall,Hubeaux,uhubeauxma@hostgator.com,Male
803,Renate,Catchpole,rcatchpolemb@techcrunch.com,Female
804,Tiff,Frend,tfrendmc@guardian.co.uk,Female
805,Drew,Lenz,dlenzmd@angelfire.com,Male
806,Cchaddie,Bricket,cbricketme@nymag.com,Male
807,Merill,Kinney,mkinneymf@livejournal.com,Male
808,Darwin,Overstone,doverstonemg@arizona.edu,Male
809,Haydon,Dosdale,hdosdalemh@intel.com,Male
810,Cleo,McGorley,cmcgorleymi@google.ru,Female
811,Rhodia,Shannon,rshannonmj@homestead.com,Female
812,Doralynne,Daveren,ddaverenmk@tmall.com,Female
813,Reider,Tyt,rtytml@salon.com,Male
814,Washington,Heiner,wheinermm@utexas.edu,Male
815,Francoise,Southgate,fsouthgatemn@ucsd.edu,Female
816,Yasmeen,Phizackarley,yphizackarleymo@qq.com,Female
817,Cindee,Divver,cdivvermp@uiuc.edu,Female
818,Valentine,Spinozzi,vspinozzimq@shop-pro.jp,Male
819,Marleen,Naden,mnadenmr@bandcamp.com,Female
820,Elsie,Lukas,elukasms@google.co.jp,Female
821,Barnebas,McCole,bmccolemt@sogou.com,Male
822,Berenice,Tearney,btearneymu@liveinternet.ru,Female
823,Ola,Haley,ohaleymv@weather.com,Female
824,Willabella,Annetts,wannettsmw@friendfeed.com,Female
825,Merridie,Etoile,metoilemx@businesswire.com,Female
826,Ann,Curgenven,acurgenvenmy@ebay.co.uk,Female
827,Abie,Labbez,alabbezmz@xinhuanet.com,Male
828,Maribeth,Carous,mcarousn0@goodreads.com,Female
829,Penni,Pitcaithley,ppitcaithleyn1@furl.net,Female
830,Padraig,Monard,pmonardn2@virginia.edu,Male
831,Charlotta,Kille,ckillen3@engadget.com,Female
832,Lorne,Joderli,ljoderlin4@elpais.com,Female
833,Arline,Huff,ahuffn5@globo.com,Female
834,Rhetta,Giacomozzo,rgiacomozzon6@elpais.com,Female
835,Gilberto,Evamy,gevamyn7@bloglines.com,Male
836,Chance,Cristofvao,ccristofvaon8@jigsy.com,Male
837,Drud,Edbrooke,dedbrooken9@discovery.com,Male
838,Levi,Conant,lconantna@newsvine.com,Male
839,Eolande,Glasspoole,eglasspoolenb@zimbio.com,Female
840,Rawley,Ilyinykh,rilyinykhnc@google.co.jp,Male
841,Bobette,Gordon-Giles,bgordongilesnd@smh.com.au,Female
842,Carmita,Aitkenhead,caitkenheadne@issuu.com,Female
843,Kellyann,Tzar,ktzarnf@huffingtonpost.com,Female
844,Kacy,Bonnick,kbonnickng@geocities.com,Female
845,Chelsy,Vasyatkin,cvasyatkinnh@patch.com,Female
846,Archy,Bonicelli,abonicellini@fc2.com,Male
847,Thebault,Latliff,tlatliffnj@ed.gov,Male
848,Batholomew,Heasly,bheaslynk@wufoo.com,Male
849,Melodie,Cudbertson,mcudbertsonnl@ihg.com,Female
850,Ronda,Rentoll,rrentollnm@sfgate.com,Female
851,Britney,Sowten,bsowtennn@furl.net,Female
852,Ealasaid,Langelay,elangelayno@comsenz.com,Female
853,Levon,Rossoni,lrossoninp@huffingtonpost.com,Male
854,Lucho,Skelding,lskeldingnq@wisc.edu,Male
855,Erminie,Cadney,ecadneynr@reuters.com,Female
856,Astra,Morrell,amorrellns@wikipedia.org,Female
857,Myrna,Jacox,mjacoxnt@usa.gov,Female
858,Saunderson,Greedyer,sgreedyernu@newsvine.com,Male
859,Marcelo,Pollins,mpollinsnv@nationalgeographic.com,Male
860,Abbey,Prati,apratinw@hc360.com,Male
861,Courtney,Fredy,cfredynx@yahoo.com,Female
862,Sean,Baswall,sbaswallny@shutterfly.com,Male
863,Tybi,Plaschke,tplaschkenz@skype.com,Female
864,Gabriella,Ponten,gponteno0@apache.org,Female
865,Iago,Logesdale,ilogesdaleo1@bizjournals.com,Male
866,Zelma,Criple,zcripleo2@angelfire.com,Female
867,Tracie,Grzes,tgrzeso3@shinystat.com,Male
868,Nedi,Kempton,nkemptono4@delicious.com,Female
869,Tally,Waycot,twaycoto5@cbslocal.com,Female
870,Tomas,Boulds,tbouldso6@booking.com,Male
871,Marven,Whitloe,mwhitloeo7@opensource.org,Male
872,Inger,Pidwell,ipidwello8@howstuffworks.com,Male
873,Tobe,Yegorkov,tyegorkovo9@dell.com,Male
874,Hansiain,Kayes,hkayesoa@ed.gov,Male
875,Alvy,Bauckham,abauckhamob@about.me,Male
876,Lillis,Arnett,larnettoc@purevolume.com,Female
877,Gawain,Swayland,gswaylandod@intel.com,Male
878,Dinnie,Amner,damneroe@cargocollective.com,Female
879,Diane-marie,Zanelli,dzanelliof@dropbox.com,Female
880,Erda,Shepherd,eshepherdog@illinois.edu,Female
881,Olympie,Huson,ohusonoh@360.cn,Female
882,Petr,Smewin,psmewinoi@state.gov,Male
883,Pierce,Mainstone,pmainstoneoj@sogou.com,Male
884,Lauretta,Hinckes,lhinckesok@miitbeian.gov.cn,Female
885,Shalne,Yeats,syeatsol@wp.com,Female
886,Aveline,Wallbridge,awallbridgeom@yahoo.co.jp,Female
887,Douglass,Rouff,drouffon@lycos.com,Male
888,Dixie,McMickan,dmcmickanoo@pinterest.com,Female
889,Etti,Cunnington,ecunningtonop@ameblo.jp,Female
890,Conroy,Jery,cjeryoq@ox.ac.uk,Male
891,Frances,Burrell,fburrellor@simplemachines.org,Female
892,Nicolina,Crich,ncrichos@nhs.uk,Female
893,Libby,Braithwait,lbraithwaitot@cbsnews.com,Female
894,Tan,Methuen,tmethuenou@csmonitor.com,Male
895,Wiatt,Pagnin,wpagninov@prlog.org,Male
896,Leona,Brewins,lbrewinsow@weebly.com,Female
897,Manny,Gadsdon,mgadsdonox@sciencedaily.com,Male
898,Giraldo,Richardet,grichardetoy@flickr.com,Male
899,Teresina,Broadhurst,tbroadhurstoz@gravatar.com,Female
900,Muire,Grigs,mgrigsp0@nature.com,Female
901,Bessy,Burtwhistle,bburtwhistlep1@bravesites.com,Female
902,Kristoffer,Son,ksonp2@jalbum.net,Male
903,Micky,Heam,mheamp3@nps.gov,Male
904,Anselm,Tather,atatherp4@topsy.com,Male
905,Amery,Papps,apappsp5@vimeo.com,Male
906,Kellen,Mountstephen,kmountstephenp6@php.net,Male
907,Binky,Abbotts,babbottsp7@soundcloud.com,Male
908,Costa,Argue,carguep8@yolasite.com,Male
909,Corny,Gowar,cgowarp9@blogtalkradio.com,Male
910,Aristotle,Jedrzaszkiewicz,ajedrzaszkiewiczpa@newsvine.com,Male
911,Yehudi,Birkin,ybirkinpb@homestead.com,Male
912,Rickie,Islip,rislippc@craigslist.org,Female
913,Lotti,Arlt,larltpd@plala.or.jp,Female
914,Lidia,Atherton,lathertonpe@webnode.com,Female
915,Gabe,Bielefeld,gbielefeldpf@usda.gov,Male
916,Pincus,Littleover,plittleoverpg@networksolutions.com,Male
917,Deedee,Mawd,dmawdph@slate.com,Female
918,Constantin,Elfleet,celfleetpi@alexa.com,Male
919,Stirling,Dmisek,sdmisekpj@facebook.com,Male
920,Stepha,Worthing,sworthingpk@ezinearticles.com,Female
921,Ely,Gardner,egardnerpl@dailymotion.com,Male
922,Lance,Pickworth,lpickworthpm@scribd.com,Male
923,Louise,Pellman,lpellmanpn@omniture.com,Female
924,Wynn,Prangley,wprangleypo@guardian.co.uk,Male
925,Max,Flatte,mflattepp@aboutads.info,Male
926,Cherianne,Baunton,cbauntonpq@pen.io,Female
927,Gratia,Stallybrass,gstallybrasspr@hud.gov,Female
928,Robin,McQuorkell,rmcquorkellps@elpais.com,Female
929,Vinnie,Helsdon,vhelsdonpt@creativecommons.org,Female
930,Joyann,Stibbs,jstibbspu@pagesperso-orange.fr,Female
931,Randee,Belson,rbelsonpv@archive.org,Female
932,Deloria,Sephton,dsephtonpw@sphinn.com,Female
933,Angie,Roast,aroastpx@naver.com,Male
934,Sascha,Wallentin,swallentinpy@meetup.com,Female
935,Mano,Danit,mdanitpz@hp.com,Male
936,Gerhardine,Couronne,gcouronneq0@sun.com,Female
937,Christi,Couldwell,ccouldwellq1@google.pl,Female
938,Lurline,Uttermare,luttermareq2@shutterfly.com,Female
939,Felice,Wandrach,fwandrachq3@example.com,Male
940,Norina,Vardie,nvardieq4@newsvine.com,Female
941,Weber,MacClinton,wmacclintonq5@washingtonpost.com,Male
942,Ashly,Leefe,aleefeq6@cbslocal.com,Female
943,Phoebe,Dignam,pdignamq7@usda.gov,Female
944,Ana,Slaughter,aslaughterq8@artisteer.com,Female
945,Zarah,Duprey,zdupreyq9@amazon.co.uk,Female
946,Gretal,Ledbury,gledburyqa@telegraph.co.uk,Female
947,Maxie,Fforde,mffordeqb@imdb.com,Male
948,Dasi,Horsell,dhorsellqc@goo.ne.jp,Female
949,Elysee,McClory,emccloryqd@free.fr,Female
950,Leena,Treacher,ltreacherqe@mapquest.com,Female
951,Josee,de Savery,jdesaveryqf@ameblo.jp,Female
952,Car,Christophle,cchristophleqg@va.gov,Male
953,Claudian,Burges,cburgesqh@hexun.com,Male
954,Kariotta,Havelin,khavelinqi@tiny.cc,Female
955,Bobby,Troppmann,btroppmannqj@mac.com,Male
956,Meredeth,Duckett,mduckettqk@vk.com,Male
957,Sapphira,Frediani,sfredianiql@networkadvertising.org,Female
958,Anna-maria,Biggen,abiggenqm@umn.edu,Female
959,Clerkclaude,Giron,cgironqn@youku.com,Male
960,Anna,Mariel,amarielqo@digg.com,Female
961,Rickey,Slowey,rsloweyqp@reference.com,Male
962,Field,Harbar,fharbarqq@geocities.com,Male
963,Bowie,Sollime,bsollimeqr@salon.com,Male
964,Glenda,Heinish,gheinishqs@go.com,Female
965,Katusha,Ivatt,kivattqt@weebly.com,Female
966,Felizio,Brightey,fbrighteyqu@51.la,Male
967,Gregory,Valentim,gvalentimqv@constantcontact.com,Male
968,Clare,Bricham,cbrichamqw@drupal.org,Male
969,Dietrich,Dixcey,ddixceyqx@wikispaces.com,Male
970,Jobi,Ferencowicz,jferencowiczqy@google.co.uk,Female
971,Vergil,Kennington,vkenningtonqz@rakuten.co.jp,Male
972,Werner,Masters,wmastersr0@tumblr.com,Male
973,Woodrow,Whitlam,wwhitlamr1@unc.edu,Male
974,Flin,Blythe,fblyther2@wordpress.org,Male
975,Tull,Bolin,tbolinr3@4shared.com,Male
976,Otis,Jedrzejkiewicz,ojedrzejkiewiczr4@joomla.org,Male
977,Alexa,Jakeway,ajakewayr5@furl.net,Female
978,Elisabet,Abbate,eabbater6@jigsy.com,Female
979,Annalise,Keele,akeeler7@xrea.com,Female
980,Rollin,Dunning,rdunningr8@dmoz.org,Male
981,Susanetta,Swallow,sswallowr9@archive.org,Female
982,Tammi,Moncrieffe,tmoncrieffera@hibu.com,Female
983,Algernon,Revie,arevierb@goodreads.com,Male
984,Nesta,Mattei,nmatteirc@tumblr.com,Female
985,Emelen,Southerns,esouthernsrd@ycombinator.com,Male
986,Aggie,Hammor,ahammorre@dropbox.com,Female
987,Jackson,Kohlert,jkohlertrf@dailymotion.com,Male
988,Ennis,Fenner,efennerrg@digg.com,Male
989,Lonnard,Bonifant,lbonifantrh@vkontakte.ru,Male
990,Zeke,Howitt,zhowittri@jimdo.com,Male
991,Clement,Pepall,cpepallrj@google.com.au,Male
992,Fiorenze,Goncaves,fgoncavesrk@github.com,Female
993,Gill,Bradforth,gbradforthrl@comcast.net,Male
994,Angelica,Roston,arostonrm@meetup.com,Female
995,Stormi,Tanguy,stanguyrn@t.co,Female
996,Hilda,Waddie,hwaddiero@amazon.com,Female
997,Philippa,Sharpley,psharpleyrp@rambler.ru,Female
998,Demott,Kilgannon,dkilgannonrq@va.gov,Male
999,Jae,McGlue,jmcgluerr@china.com.cn,Male
